
  ⠀⠀⠀⠀⢀⣀⠀⠀⠀
  ⠀⠀⢠⠞⡥⣌⠙⣆⠀   s p i r a l
  ⠀⠀⠘⢦⣓⡿⠀⣸⠀   local autonomous coder · on-device
  ⠀⠀⠀⠀⠀⢀⠴⠃⠀

  ▸ web-calculator · main · gate: (/Users/edt/Desktop/spiral/.venv/bin/python -m
spiral.artifact_gate .)

  working on branch spiral/run-20260727-1010 — your branch is untouched
  gate: .:artifact-integrity +footguns · repo map: 1146 chars · planner 
qwen3.6:latest
  ⠿ [10:11:00] extracting spec · … · 8s
  ⠿ [10:11:08] extracting spec · 0.2k tok · 16s
  ⠿ [10:11:16] extracting spec · 0.5k tok · 24s
  ⠿ [10:11:24] extracting spec · 0.9k tok · 32s
  ⠿ [10:11:32] extracting spec · 1.2k tok · 40s
  ⠿ [10:11:40] extracting spec · 1.6k tok · 48s
  ⠿ [10:11:48] extracting spec · 2.0k tok · 56s
  ⠿ [10:11:56] extracting spec · 2.3k tok · 64s
  ⠿ [10:12:04] extracting spec · 2.7k tok · 72s
  ⠿ [10:12:12] extracting spec · 3.0k tok · 80s
  ⠿ [10:12:20] extracting spec · 3.3k tok · 88s
  ⠿ [10:12:28] extracting spec · 3.7k tok · 96s
  ⠿ [10:12:36] extracting spec · 4.0k tok · 104s
  ⠿ [10:12:44] extracting spec · 4.3k tok · 112s
  ⠿ [10:12:52] extracting spec · 4.6k tok · 120s
  ⠿ [10:13:00] extracting spec · 4.9k tok · 128s
  ⠿ [10:13:08] extracting spec · 5.3k tok · 136s
  ⠿ [10:13:16] extracting spec · 5.6k tok · 144s
  ⠿ [10:13:24] extracting spec · 5.9k tok · 152s
  ⠿ [10:13:32] extracting spec · 6.3k tok · 160s
  ⠿ [10:13:40] extracting spec · 6.4k tok · 168s
  ⠿ [10:13:48] extracting spec · 6.4k tok · 176s
  ⠿ [10:13:56] extracting spec · 6.5k tok · 184s
  ⠿ [10:14:04] extracting spec · 6.8k tok · 192s
  ⠿ [10:14:12] extracting spec · 7.1k tok · 200s
  ⠿ [10:14:23] mapping deliverables · 0.2k tok · 8s
  ⠿ [10:14:31] mapping deliverables · 0.4k tok · 16s
  ⠿ [10:14:39] mapping deliverables · 0.8k tok · 24s
  ⠿ [10:14:47] mapping deliverables · 1.1k tok · 32s
  ⠿ [10:14:55] mapping deliverables · 1.2k tok · 40s
  ● deliverables · calculator:web, tests:library
  ● spec: 40 requirements · 1 with executable checks · 8505 tok
     R1 (feature): Delivered as a single static web page (index.html) with its 
own CSS and JS.
     R2 (feature): Requires no build step to run.
     R3 (feature): Uses no external CDNs for dependencies.
     R4 (feature): Performs correct arithmetic for addition, subtraction, 
multiplication, and division.
     R5 (feature): Supports chained operations without incorrect intermediate 
resets.
     R6 (feature): Handles decimal point input correctly.
     R7 (feature): Calculates percentages correctly.
     R8 (feature): Flips the sign of the current operand or result (+/-).
     R9 (feature): Removes the last character of the current input via 
backspace.
     R10 (feature): Displays a visible history panel listing previous 
calculations.
     R11 (feature): Allows clicking history items to recall their results into 
the main display.
     R12 (feature): Supports full keyboard entry for numbers, operators, Enter 
(equals), Backspace, and Clear.
     R13 (feature): Supports mouse/touch click interaction on all calculator 
keys.
     R14 (feature): Shows an inline error state for division by zero while 
preserving the user's typed input.
     R15 (feature): Defines a coherent color system using CSS custom properties.
     R16 (feature): References the defined CSS custom properties for all color 
values throughout the UI.
     R17 (feature): Displays a visible focus ring on every interactive control 
when focused.
     R18 (feature): Shows hover states on calculator keys.
     R19 (feature): Shows pressed/active states on calculator keys.
     R20 (feature): Animates or transitions key press interactions.
     R21 (feature): Animates or transitions result appearance on the display.
     R22 (feature): Clear control uses an icon or symbol instead of bare text.
     R23 (feature): Backspace control uses an icon or symbol instead of bare 
text.
     R24 (feature): History panel displays a readable empty state when no 
calculations exist.
     R25 (feature): Layout adapts to mobile viewports without clipping or 
overlap.
     R26 (feature): Layout adapts to wide desktop viewports without clipping or 
overlap.
     R27 (feature): UI automatically switches between light and dark themes 
based on OS preference.
     R28 (feature): Supports an end-to-end workflow from input entry, 
calculation, result display, to history 
     R29 (feature): Interactive controls are fully accessible via keyboard 
navigation and include appropriate 
     R30 (feature, check): Includes automated tests verifying core arithmetic, 
keyboard handling, history recall, and
     R31 (feature): Project runs immediately by opening index.html in a standard
web browser without local ser
     R32 (feature): Deliver calculator as a complete web: A single-file static 
calculator application with emb
     R33 (feature): Deliver tests as a complete library: A standalone test 
runner page using vanilla JavaScrip
     R34 (feature): Every primary workflow implied by the goal works end to end 
through real domain logic and 
     R35 (quality): Invalid input, boundary cases, and operational failures 
produce actionable feedback and a 
     R36 (quality): Automated behavioral tests cover the primary success path 
plus meaningful boundary and fai
     R37 (constraint): A fresh checkout has reproducible setup, run, test, and 
packaging instructions with safe e
     R38 (feature): Every intended view is reachable and relevant controls have 
working default, focus/hover, 
     R39 (quality): The interface remains usable without clipping or overlap on 
mobile, desktop, and wide view
     R40 (quality): The finished interface uses a coherent domain-specific 
visual system, real content and ass
  ⠿ [10:15:05] designing · … · 8s
  ⠿ [10:15:13] designing · 0.0k tok · 16s
  ⠿ [10:15:21] designing · 0.1k tok · 24s
  ⠿ [10:15:29] designing · 0.2k tok · 32s
  ⠿ [10:15:37] designing · 0.4k tok · 40s
  ⠿ [10:15:45] designing · 0.5k tok · 48s
  ⠿ [10:15:53] designing · 0.6k tok · 56s
  ⠿ [10:16:01] designing · 0.7k tok · 64s
  ⠿ [10:16:09] designing · 0.8k tok · 72s
  ⠿ [10:16:17] designing · 0.9k tok · 80s
  ⠿ [10:16:25] designing · 1.0k tok · 88s
  ⠿ [10:16:33] designing · 1.1k tok · 96s
  ⠿ [10:16:41] designing · 1.2k tok · 104s
  ⠿ [10:16:49] designing · 1.3k tok · 112s
  ⠿ [10:16:57] designing · 1.4k tok · 120s
  ⠿ [10:17:05] designing · 1.5k tok · 128s
  ⠿ [10:17:13] designing · 1.6k tok · 136s
  ⠿ [10:17:21] designing · 1.7k tok · 144s
  ⠿ [10:17:29] designing · 1.8k tok · 152s
  ⠿ [10:17:37] designing · 1.9k tok · 160s
  ⠿ [10:17:45] designing · 2.0k tok · 168s
  ● design brief · 7374 chars → .spiral/design.md · 3897 tok
  ⠿ [10:17:57] design tokens · … · 8s
  ⠿ [10:18:05] design tokens · … · 16s
  ● tokens · accent #d6eaf8 · icon spiral → .spiral/design_tokens.json
  ⠿ [10:18:19] planning · … · 8s
  ⠿ [10:18:27] planning · 0.2k tok · 16s
  ⠿ [10:18:35] planning · 0.4k tok · 24s
  ⠿ [10:18:43] planning · 0.7k tok · 32s
  ⠿ [10:18:51] planning · 0.9k tok · 40s
  ⠿ [10:18:59] planning · 1.1k tok · 48s
  ⠿ [10:19:07] planning · 1.4k tok · 56s
  ⠿ [10:19:15] planning · 1.6k tok · 64s
  ⠿ [10:19:23] planning · 1.8k tok · 72s
  ⠿ [10:19:32] planning · 2.0k tok · 80s
  ⠿ [10:19:40] planning · 2.2k tok · 88s
  ⠿ [10:19:48] planning · 2.4k tok · 96s
  ⠿ [10:19:56] planning · 2.6k tok · 104s
  ⠿ [10:20:04] planning · 2.8k tok · 112s
  ⠿ [10:20:12] planning · 3.1k tok · 120s
  ⠿ [10:20:20] planning · 3.2k tok · 128s
  ⠿ [10:20:28] planning · 3.4k tok · 136s
  ⠿ [10:20:36] planning · 3.4k tok · 144s
  ⠿ [10:20:44] planning · 3.5k tok · 152s
  ⠿ [10:20:52] planning · 3.7k tok · 160s
  ⠿ [10:21:00] planning · 3.9k tok · 168s
  ⠿ [10:21:08] planning · 4.2k tok · 176s
  ⠿ [10:21:16] planning · 4.4k tok · 184s
  ⠿ [10:21:24] planning · 4.6k tok · 192s
  ⠿ [10:21:32] planning · 4.8k tok · 200s
  ⠿ [10:21:40] planning · 5.0k tok · 208s
  ● draft plan · 9 tasks · 8913 tok
  ⠿ [10:21:52] critic round 1 · … · 8s
  ⠿ [10:22:00] critic round 1 · … · 16s
  ⠿ [10:22:08] critic round 1 · … · 24s
  ⠿ [10:22:16] critic round 1 · … · 32s
  ⠿ [10:22:24] critic round 1 · … · 40s
  ⠿ [10:22:32] critic round 1 · … · 48s
  ⠿ [10:22:40] critic round 1 · 0.0k tok · 56s · writing defects
  ⠿ [10:22:48] critic round 1 · 0.1k tok · 64s · writing defects
  ⠿ [10:22:56] critic round 1 · 0.2k tok · 72s · writing defects
  ⠿ [10:23:04] critic round 1 · 0.3k tok · 80s · writing defects
  ⠿ [10:23:12] critic round 1 · 0.4k tok · 88s · writing defects
  ⠿ [10:23:20] critic round 1 · 0.5k tok · 96s · writing defects
  ⠿ [10:23:28] critic round 1 · 0.6k tok · 104s · writing defects
  ● critic 1 (gemma3:12b): revise · 9 defects · 6781 tok
     ✗ [PLAN: Milestone 5, Task 4 (Exports)] COVERAGE - R33: Missing test.html
     ✗ [PLAN: Milestone 1, Task 1 (Description)] PHANTOMS - index.html: Missing 
SVG paths
     ✗ [PLAN: Milestone 3, Task 2 (Description)] ORDER - script.js: Evaluation 
before state machine
     ✗ [PLAN: Milestone 3, Task 1 (Description)] VAGUENESS - script.js: 
`appendNumber(number)`
     ✗ [PLAN: Milestone 3, Task 2 (Description)] VAGUENESS - script.js: Safe 
rounding helper
     ✗ [PLAN: Milestone 4, Task 1 (Description)] VAGUENESS - script.js: Keyboard
mapping
     ✗ [PLAN: Milestone 4, Task 1 (Requirements)] PRODUCT DEPTH - index.html: 
Missing ARIA attributes
     ✗ [PLAN: Milestone 2, Task 1 (Description)] PRODUCT DEPTH - style.css: 
Missing focus token
  ⠿ [10:23:41] repairing plan · … · 8s
  ⠿ [10:23:49] repairing plan · … · 16s
  ⠿ [10:23:57] repairing plan · … · 24s
  ⠿ [10:24:05] repairing plan · … · 32s
  ⠿ [10:24:13] repairing plan · 0.1k tok · 40s
  ⠿ [10:24:21] repairing plan · 0.3k tok · 48s
  ⠿ [10:24:29] repairing plan · 0.6k tok · 56s
  ⠿ [10:24:37] repairing plan · 0.8k tok · 64s
  ⠿ [10:24:45] repairing plan · 1.1k tok · 72s
  ⠿ [10:24:53] repairing plan · 1.3k tok · 80s
  ⠿ [10:25:01] repairing plan · 1.5k tok · 88s
  ⠿ [10:25:09] repairing plan · 1.8k tok · 96s
  ⠿ [10:25:17] repairing plan · 2.0k tok · 104s
  ⠿ [10:25:25] repairing plan · 2.3k tok · 112s
  ⠿ [10:25:33] repairing plan · 2.6k tok · 120s
  ⠿ [10:25:41] repairing plan · 2.8k tok · 128s
  ⠿ [10:25:49] repairing plan · 3.1k tok · 136s
  ⠿ [10:25:57] repairing plan · 3.4k tok · 144s
  ⠿ [10:26:05] repairing plan · 3.6k tok · 152s
  ⠿ [10:26:13] repairing plan · 3.7k tok · 160s
  ⠿ [10:26:21] repairing plan · 3.7k tok · 168s
  ⠿ [10:26:29] repairing plan · 3.9k tok · 176s
  ⠿ [10:26:37] repairing plan · 4.1k tok · 184s
  ⠿ [10:26:45] repairing plan · 4.3k tok · 192s
  ⠿ [10:26:53] repairing plan · 4.6k tok · 200s
  ⠿ [10:27:01] repairing plan · 4.8k tok · 208s
  ⠿ [10:27:09] repairing plan · 5.1k tok · 216s
  ⠿ [10:27:17] repairing plan · 5.3k tok · 225s
  ⠿ [10:27:25] repairing plan · 5.5k tok · 233s
  ⠿ [10:27:33] repairing plan · 5.8k tok · 241s
  ● repaired → 9 tasks · 11428 tok
  ⠿ [10:27:43] critic round 2 · … · 8s
  ⠿ [10:27:51] critic round 2 · … · 16s
  ⠿ [10:27:59] critic round 2 · … · 24s
  ⠿ [10:28:07] critic round 2 · … · 32s
  ⠿ [10:28:15] critic round 2 · … · 40s
  ⠿ [10:28:23] critic round 2 · … · 48s
  ⠿ [10:28:31] critic round 2 · 0.1k tok · 56s · writing defects
  ⠿ [10:28:39] critic round 2 · 0.2k tok · 64s · writing defects
  ⠿ [10:28:47] critic round 2 · 0.3k tok · 72s · writing defects
  ⠿ [10:28:55] critic round 2 · 0.4k tok · 80s · writing defects
  ⠿ [10:29:03] critic round 2 · 0.6k tok · 88s · writing defects
  ● critic 2 (gemma3:12b): revise · 9 defects · 7031 tok
     ✗ [PLAN: Milestone 4, Task 5] COVERAGE - R33 is unmapped.
     ✗ [PLAN: Milestone 3, Task 2] PHANTOMS - `safeRound` function is not 
defined or imported anywhere. It's referenced in milestone 3 task 2
     ✗ [PLAN: Milestone 2, Task 2; Milestone 3, Task 1; Milestone 3, Task 2; 
Milestone 4, Task 1; Milestone 4, Task 2] ORDER - The script.js file is imported
by both style.css and script.js, creating a circular dependency.
     ✗ [PLAN: Milestone 3, Task 2] VAGUENESS - The description for 'Implement 
evaluation, precision fixing, and division-by-zero error state' lac
     ✗ [PLAN: Milestone 4, Task 1] VAGUENESS - The description for 'Wire DOM 
interactions and keyboard event listeners in JS' doesn't specify how
     ✗ [PLAN: Milestone 4, Task 2] VAGUENESS - The description for 'Implement 
history panel rendering and recall logic in JS' doesn't specify how
     ✗ [PLAN: Throughout] PRODUCT DEPTH - The plan focuses heavily on UI styling
and basic functionality but lacks details about compreh
     ✗ [PLAN: Milestone 1, Task 1] CRAFT - While icons are mentioned, the 
description for 'Create index.html' doesn't specify how they will be in
  ⠿ [10:29:13] repairing plan · … · 8s
  ⠿ [10:29:21] repairing plan · … · 16s
  ⠿ [10:29:29] repairing plan · … · 24s
  ⠿ [10:29:37] repairing plan · 0.1k tok · 32s
  ⠿ [10:29:45] repairing plan · 0.4k tok · 40s
  ⠿ [10:29:53] repairing plan · 0.6k tok · 48s
  ⠿ [10:30:01] repairing plan · 0.9k tok · 56s
  ⠿ [10:30:09] repairing plan · 1.1k tok · 64s
  ⠿ [10:30:17] repairing plan · 1.4k tok · 72s
  ⠿ [10:30:25] repairing plan · 1.7k tok · 80s
  ⠿ [10:30:33] repairing plan · 1.9k tok · 88s
  ⠿ [10:30:41] repairing plan · 2.1k tok · 96s
  ⠿ [10:30:49] repairing plan · 2.4k tok · 104s
  ⠿ [10:30:57] repairing plan · 2.6k tok · 112s
  ⠿ [10:31:05] repairing plan · 2.9k tok · 120s
  ⠿ [10:31:13] repairing plan · 3.1k tok · 128s
  ⠿ [10:31:21] repairing plan · 3.4k tok · 136s
  ⠿ [10:31:29] repairing plan · 3.6k tok · 144s
  ⠿ [10:31:37] repairing plan · 3.9k tok · 152s
  ⠿ [10:31:45] repairing plan · 4.1k tok · 160s
  ⠿ [10:31:53] repairing plan · 4.3k tok · 168s
  ⠿ [10:32:01] repairing plan · 4.6k tok · 176s
  ⠿ [10:32:09] repairing plan · 4.7k tok · 184s
  ⠿ [10:32:17] repairing plan · 4.7k tok · 192s
  ⠿ [10:32:25] repairing plan · 4.8k tok · 200s
  ⠿ [10:32:33] repairing plan · 5.0k tok · 208s
  ⠿ [10:32:41] repairing plan · 5.3k tok · 216s
  ⠿ [10:32:49] repairing plan · 5.5k tok · 224s
  ⠿ [10:32:57] repairing plan · 5.8k tok · 232s
  ⠿ [10:33:05] repairing plan · 6.0k tok · 240s
  ⠿ [10:33:13] repairing plan · 6.3k tok · 248s
  ⠿ [10:33:21] repairing plan · 6.5k tok · 256s
  ⠿ [10:33:29] repairing plan · 6.8k tok · 264s
  ⠿ [10:33:37] repairing plan · 7.0k tok · 272s
  ● repaired → 9 tasks · 13011 tok
     lint: requirement R19 is UNCOVERED by explicit task mapping: "Shows 
pressed/active states on calculator keys."
     lint: requirement R20 is UNCOVERED by explicit task mapping: "Animates or 
transitions key press interactions."
     lint: requirement R21 is UNCOVERED by explicit task mapping: "Animates or 
transitions result appearance on the display."
     lint: requirement R22 is UNCOVERED by explicit task mapping: "Clear control
uses an icon or symbol instead of bare text."
     lint: requirement R23 is UNCOVERED by explicit task mapping: "Backspace 
control uses an icon or symbol instead of bare text."
     lint: requirement R24 is UNCOVERED by explicit task mapping: "History panel
displays a readable empty state when no calculations exist."
     lint: requirement R25 is UNCOVERED by explicit task mapping: "Layout adapts
to mobile viewports without clipping or overlap."
     lint: requirement R26 is UNCOVERED by explicit task mapping: "Layout adapts
to wide desktop viewports without clipping or overlap."
     lint: requirement R27 is UNCOVERED by explicit task mapping: "UI 
automatically switches between light and dark themes based on OS preference."
     lint: requirement R28 is UNCOVERED by explicit task mapping: "Supports an 
end-to-end workflow from input entry, calculation, result display, to history "
     lint: requirement R29 is UNCOVERED by explicit task mapping: "Interactive 
controls are fully accessible via keyboard navigation and include appropriate "
     lint: requirement R30 is UNCOVERED by explicit task mapping: "Includes 
automated tests verifying core arithmetic, keyboard handling, history recall, 
and"
     lint: requirement R31 is UNCOVERED by explicit task mapping: "Project runs 
immediately by opening index.html in a standard web browser without local ser"
     lint: requirement R32 is UNCOVERED by explicit task mapping: "Deliver 
calculator as a complete web: A single-file static calculator application with 
emb"
     lint: requirement R34 is UNCOVERED by explicit task mapping: "Every primary
workflow implied by the goal works end to end through real domain logic and "
     lint: requirement R35 is UNCOVERED by explicit task mapping: "Invalid 
input, boundary cases, and operational failures produce actionable feedback and 
a "
     lint: requirement R36 is UNCOVERED by explicit task mapping: "Automated 
behavioral tests cover the primary success path plus meaningful boundary and 
fai"
     lint: requirement R37 is UNCOVERED by explicit task mapping: "A fresh 
checkout has reproducible setup, run, test, and packaging instructions with safe
e"
     lint: requirement R38 is UNCOVERED by explicit task mapping: "Every 
intended view is reachable and relevant controls have working default, 
focus/hover, "
     lint: requirement R39 is UNCOVERED by explicit task mapping: "The interface
remains usable without clipping or overlap on mobile, desktop, and wide view"
     lint: requirement R40 is UNCOVERED by explicit task mapping: "The finished 
interface uses a coherent domain-specific visual system, real content and ass"
  ⠿ [10:33:46] critic round 3 · … · 8s
  ⠿ [10:33:54] critic round 3 · … · 16s
  ⠿ [10:34:02] critic round 3 · … · 24s
  ⠿ [10:34:10] critic round 3 · … · 32s
  ⠿ [10:34:18] critic round 3 · … · 40s
  ⠿ [10:34:26] critic round 3 · … · 48s
  ⠿ [10:34:34] critic round 3 · 0.1k tok · 56s · writing defects
  ⠿ [10:34:42] critic round 3 · 0.2k tok · 64s · writing defects
  ⠿ [10:34:50] critic round 3 · 0.3k tok · 72s · writing defects
  ⠿ [10:34:59] critic round 3 · 0.4k tok · 80s · writing defects
  ⠿ [10:35:07] critic round 3 · 0.5k tok · 88s · writing defects
  ⠿ [10:35:15] critic round 3 · 0.6k tok · 96s · writing defects
  ⠿ [10:35:23] critic round 3 · 0.7k tok · 104s · writing defects
  ⠿ [10:35:31] critic round 3 · 0.8k tok · 112s · writing defects
  ⠿ [10:35:39] critic round 3 · 0.9k tok · 120s · writing defects
  ⠿ [10:35:47] critic round 3 · 1.0k tok · 128s · writing defects
  ⠿ [10:35:55] critic round 3 · 1.1k tok · 136s · writing defects
  ⠿ [10:36:03] critic round 3 · 1.2k tok · 144s · writing defects
  ⠿ [10:36:11] critic round 3 · 1.3k tok · 152s · writing defects
  ⠿ [10:36:19] critic round 3 · 1.4k tok · 160s · writing defects
  ⠿ [10:36:27] critic round 3 · 1.5k tok · 168s · writing defects
  ⠿ [10:36:35] critic round 3 · 1.6k tok · 176s · writing defects
  ● critic 3 (gemma3:12b): revise · 42 defects · 9153 tok
     ✗ [R19 is UNCOVERED by explicit task mapping: "Shows pressed/active states 
on calculator keys."] UNCOVERED - REQUIREMENT MISSING
     ✗ [R20 is UNCOVERED by explicit task mapping: "Animates or transitions key 
press interactions."] UNCOVERED - REQUIREMENT MISSING
     ✗ [R21 is UNCOVERED by explicit task mapping: "Animates or transitions 
result appearance on the display."] UNCOVERED - REQUIREMENT MISSING
     ✗ [R22 is UNCOVERED by explicit task mapping: "Clear control uses an icon 
or symbol instead of bare text."] UNCOVERED - REQUIREMENT MISSING
     ✗ [R23 is UNCOVERED by explicit task mapping: "Backspace control uses an 
icon or symbol instead of bare text."] UNCOVERED - REQUIREMENT MISSING
     ✗ [R24 is UNCOVERED by explicit task mapping: "History panel displays a 
readable empty state when no calculations exist."] UNCOVERED - REQUIREMENT 
MISSING
     ✗ [R25 is UNCOVERED by explicit task mapping: "Layout adapts to mobile 
viewports without clipping or overlap."] UNCOVERED - REQUIREMENT MISSING
     ✗ [R26 is UNCOVERED by explicit task mapping: "Layout adapts to wide 
desktop viewports without clipping or overlap."] UNCOVERED - REQUIREMENT MISSING
  ⠿ [10:36:43] repairing plan · … · 8s
  ⠿ [10:36:51] repairing plan · … · 16s
  ⠿ [10:36:59] repairing plan · … · 24s
  ⠿ [10:37:07] repairing plan · 0.0k tok · 32s
  ⠿ [10:37:15] repairing plan · 0.3k tok · 40s
  ⠿ [10:37:23] repairing plan · 0.6k tok · 48s
  ⠿ [10:37:31] repairing plan · 0.9k tok · 56s
  ⠿ [10:37:39] repairing plan · 1.2k tok · 64s
  ⠿ [10:37:47] repairing plan · 1.4k tok · 72s
  ⠿ [10:37:55] repairing plan · 1.7k tok · 80s
  ⠿ [10:38:03] repairing plan · 1.9k tok · 88s
  ⠿ [10:38:11] repairing plan · 2.2k tok · 96s
  ⠿ [10:38:19] repairing plan · 2.3k tok · 104s
  ⠿ [10:38:27] repairing plan · 2.5k tok · 112s
  ⠿ [10:38:35] repairing plan · 2.7k tok · 120s
  ⠿ [10:38:43] repairing plan · 3.0k tok · 128s
  ⠿ [10:38:51] repairing plan · 3.2k tok · 136s
  ⠿ [10:38:59] repairing plan · 3.5k tok · 144s
  ⠿ [10:39:07] repairing plan · 3.7k tok · 152s
  ⠿ [10:39:15] repairing plan · 4.0k tok · 160s
  ⠿ [10:39:23] repairing plan · 4.2k tok · 168s
  ⠿ [10:39:31] repairing plan · 4.5k tok · 176s
  ⠿ [10:39:39] repairing plan · 4.7k tok · 184s
  ● repaired → 11 tasks · 12969 tok
  ● deterministic coverage · 0 mapping(s) normalized · 19 omitted requirement 
task(s) added
╭─────────────────────── spiral understands the goal as ───────────────────────╮
│ The goal is a production-ready, three-file static calculator (index.html,    │
│ style.css, script.js) with no build step or CDN. It requires precise         │
│ arithmetic, a persistent click-to-recall history, full keyboard support, and │
│ a polished UI that respects OS light/dark preferences. The design spec       │
│ dictates specific CSS tokens, responsive breakpoints, component states, and  │
│ motion timings. I will structure the plan to establish the visual foundation │
│ and theme switching first, then build the core engine with robust state      │
│ management and error handling, wire the UI with explicit accessibility and   │
│ focus management, implement history logic with clear data attributes, add    │
│ comprehensive automated tests, and finally apply polish and delivery         │
│ instructions.                                                                │
╰──────────────────────────────────────────────────────────────────────────────╯

  ◆ M1 Foundation, Theme & Responsive Layout
     1.1 Create index.html with semantic structure and inline SVG icons
     1.2 Establish CSS custom properties, base reset, and theme switching
     1.3 Implement responsive layout constraints for all viewports

  ◆ M2 Component States & Motion Polish
     2.1 Implement button states, focus rings, and reachability
     2.2 Apply motion timings and reduced-motion support

  ◆ M3 Calculator Engine & Workflow Logic
     3.1 Build the calculator state machine and input handlers in JS
     3.2 Implement evaluation, precision fixing, and error recovery

  ◆ M4 History Panel & Accessibility Wiring
     4.1 Implement history panel rendering and recall logic in JS
     4.2 Wire DOM interactions and keyboard event listeners in JS

  ◆ M5 Testing, Delivery & Verification
     5.1 Write automated behavioral tests for core logic and edge cases
     5.2 Package delivery and verify immediate execution

  ◆ M6 Acceptance coverage
     6.1 Complete R1: Delivered as a single static web page (index.html) with 
its own 
     6.2 Complete R2: Requires no build step to run.
     6.3 Complete R3: Uses no external CDNs for dependencies.
     6.4 Complete R4: Performs correct arithmetic for addition, subtraction, 
multiplic
     6.5 Complete R5: Supports chained operations without incorrect intermediate
reset
     6.6 Complete R6: Handles decimal point input correctly.
     6.7 Complete R7: Calculates percentages correctly.
     6.8 Complete R8: Flips the sign of the current operand or result (+/-).
     6.9 Complete R9: Removes the last character of the current input via 
backspace.
     6.10 Complete R10: Displays a visible history panel listing previous 
calculations.
     6.11 Complete R11: Allows clicking history items to recall their results 
into the m
     6.12 Complete R12: Supports full keyboard entry for numbers, operators, 
Enter (equa
     6.13 Complete R13: Supports mouse/touch click interaction on all calculator
keys.
     6.14 Complete R14: Shows an inline error state for division by zero while 
preservin
     6.15 Complete R15: Defines a coherent color system using CSS custom 
properties.
     6.16 Complete R16: References the defined CSS custom properties for all 
color value
     6.17 Complete R17: Displays a visible focus ring on every interactive 
control when 
     6.18 Complete R18: Shows hover states on calculator keys.
     6.19 Complete R33: Deliver tests as a complete library: A standalone test 
runner pa

  6 milestones · 30 tasks · gate on every task: .:artifact-integrity +footguns

  ■ foundation: design tokens + favicon spiral · 2 files
━━ M1/6: Foundation, Theme & Responsive Layout ━━
▶ 1.1 Create index.html with semantic structure and inline SVG icons  (1/30 · 0 
tok · 29m)
  ○ gate green but artifacts missing: index.html (create the file index.html)
  skills: design-principles
  — attempt 1/6 · qwen3.6:latest —
  ⠿ [10:39:55] building [qwen3.6:latest] · … · 7s · Σ0m · idea: Working angle: complete the task without breaking the gate; using 2 repo file(s), then the gate decides.
  ⠿ [10:40:03] building [qwen3.6:latest] · … · 15s · Σ0m · idea: Working angle: complete the task without breaking the gate; using 2 repo file(s), then the gate decides.
  ⠿ [10:40:11] building [qwen3.6:latest] · 0.2k tok · 23s · Σ0m · idea: Working angle: complete the task without breaking the gate; using 2 repo file(s), then the gate decides.
  ⠿ [10:40:19] building [qwen3.6:latest] · 0.4k tok · 31s · Σ1m · idea: Working angle: complete the task without breaking the gate; using 2 repo file(s), then the gate decides.
  ⠿ [10:40:27] building [qwen3.6:latest] · 0.7k tok · 39s · Σ1m · idea: Working angle: complete the task without breaking the gate; using 2 repo file(s), then the gate decides.
  ● edits: index.html(created) · verify exit 0 · 6605 tok
  ✔ committed 10f3971
▶ 1.2 Establish CSS custom properties, base reset, and theme switching  (2/30 · 
6605 tok · 30m)
  ○ gate verdict reused — tree unchanged since last run
  ○ gate green but artifacts missing: style.css (create the file style.css)
  skills: design-principles, dark-ui-design
  — attempt 1/6 · qwen3.6:latest —
  ⠿ [10:40:35] building [qwen3.6:latest] · 6.6k tok · 7s · Σ1m · idea: Working angle: complete the task without breaking the gate; using 3 repo file(s), then the gate decides.
  ⠿ [10:40:43] building [qwen3.6:latest] · 6.6k tok · 15s · Σ1m · idea: Working angle: complete the task without breaking the gate; using 3 repo file(s), then the gate decides.
  ⠿ [10:40:51] building [qwen3.6:latest] · 6.7k tok · 23s · Σ1m · idea: Working angle: complete the task without breaking the gate; using 3 repo file(s), then the gate decides.
  ⠿ [10:40:59] building [qwen3.6:latest] · 6.9k tok · 31s · Σ1m · idea: Working angle: complete the task without breaking the gate; using 3 repo file(s), then the gate decides.
  ⠿ [10:41:07] building [qwen3.6:latest] · 7.2k tok · 39s · Σ1m · idea: Working angle: complete the task without breaking the gate; using 3 repo file(s), then the gate decides.
  ⠿ [10:41:15] building [qwen3.6:latest] · 7.4k tok · 47s · Σ1m · idea: Working angle: complete the task without breaking the gate; using 3 repo file(s), then the gate decides.
  ⠿ [10:41:23] building [qwen3.6:latest] · 7.6k tok · 55s · Σ2m · idea: Working angle: complete the task without breaking the gate; using 3 repo file(s), then the gate decides.
  ⠿ [10:41:31] building [qwen3.6:latest] · 7.8k tok · 63s · Σ2m · idea: Working angle: complete the task without breaking the gate; using 3 repo file(s), then the gate decides.
  ● edits: style.css(created) · verify exit 0 · 8446 tok
  ✔ committed 90577cd
▶ 1.3 Implement responsive layout constraints for all viewports  (3/30 · 15051 
tok · 31m)
  ○ gate verdict reused — tree unchanged since last run
  ○ gate green + artifacts exist — auditing implementation
  skills: design-principles
  — attempt 1/6 · qwen3.6:latest —
  ⠿ [10:41:39] building [qwen3.6:latest] · 15.1k tok · 4s · Σ2m · idea: Working angle: complete the task without breaking the gate; using 4 repo file(s), then the gate decides.
  ⠿ [10:41:47] building [qwen3.6:latest] · 15.1k tok · 12s · Σ2m · idea: Working angle: complete the task without breaking the gate; using 4 repo file(s), then the gate decides.
  ⠿ [10:41:55] building [qwen3.6:latest] · 15.1k tok · 21s · Σ2m · idea: Working angle: complete the task without breaking the gate; using 4 repo file(s), then the gate decides.
  ⠿ [10:42:03] building [qwen3.6:latest] · 15.2k tok · 29s · Σ2m · idea: Working angle: complete the task without breaking the gate; using 4 repo file(s), then the gate decides.
  ⠿ [10:42:11] building [qwen3.6:latest] · 15.4k tok · 37s · Σ2m · idea: Working angle: complete the task without breaking the gate; using 4 repo file(s), then the gate decides.
  ● edits: style.css(exact) · verify exit 0 · 8811 tok
  ✔ committed aac529d
━━ M2/6: Component States & Motion Polish ━━
▶ 2.1 Implement button states, focus rings, and reachability  (4/30 · 23862 tok 
· 31m)
  ○ gate verdict reused — tree unchanged since last run
  ○ gate green + artifacts exist — auditing implementation
  skills: design-principles
  — attempt 1/6 · qwen3.6:latest —
  ⠿ [10:42:19] building [qwen3.6:latest] · 23.9k tok · 4s · Σ3m · idea: Working angle: complete the task without breaking the gate; using 4 repo file(s), then the gate decides.
  ⠿ [10:42:27] building [qwen3.6:latest] · 23.9k tok · 12s · Σ3m · idea: Working angle: complete the task without breaking the gate; using 4 repo file(s), then the gate decides.
  ⠿ [10:42:35] building [qwen3.6:latest] · 23.9k tok · 20s · Σ3m · idea: Working angle: complete the task without breaking the gate; using 4 repo file(s), then the gate decides.
  ⠿ [10:42:43] building [qwen3.6:latest] · 24.0k tok · 28s · Σ3m · idea: Working angle: complete the task without breaking the gate; using 4 repo file(s), then the gate decides.
  ⠿ [10:42:51] building [qwen3.6:latest] · 24.3k tok · 36s · Σ3m · idea: Working angle: complete the task without breaking the gate; using 4 repo file(s), then the gate decides.
  ⠿ [10:42:59] building [qwen3.6:latest] · 24.5k tok · 44s · Σ3m · idea: Working angle: complete the task without breaking the gate; using 4 repo file(s), then the gate decides.
  ⠿ [10:43:07] building [qwen3.6:latest] · 24.7k tok · 52s · Σ3m · idea: Working angle: complete the task without breaking the gate; using 4 repo file(s), then the gate decides.
  ⠿ [10:43:15] building [qwen3.6:latest] · 24.9k tok · 60s · Σ3m · idea: Working angle: complete the task without breaking the gate; using 4 repo file(s), then the gate decides.
  ⠿ [10:43:23] building [qwen3.6:latest] · 25.1k tok · 68s · Σ4m · idea: Working angle: complete the task without breaking the gate; using 4 repo file(s), then the gate decides.
  ⠿ [10:43:31] building [qwen3.6:latest] · 25.3k tok · 76s · Σ4m · idea: Working angle: complete the task without breaking the gate; using 4 repo file(s), then the gate decides.
  ⠿ [10:43:39] building [qwen3.6:latest] · 25.5k tok · 84s · Σ4m · idea: Working angle: complete the task without breaking the gate; using 4 repo file(s), then the gate decides.
  ⠿ [10:43:47] building [qwen3.6:latest] · 25.8k tok · 92s · Σ4m · idea: Working angle: complete the task without breaking the gate; using 4 repo file(s), then the gate decides.
  ● edits: script.js(created) · verify exit 0 · 10913 tok
  ✔ committed 02328e7
▶ 2.2 Apply motion timings and reduced-motion support  (5/30 · 34775 tok · 33m)
  ○ gate verdict reused — tree unchanged since last run
  ○ gate green + artifacts exist — auditing implementation
  skills: design-principles
  — attempt 1/6 · qwen3.6:latest —
  ⠿ [10:43:55] building [qwen3.6:latest] · 34.8k tok · 7s · Σ4m · idea: Working angle: complete the task without breaking the gate; using 5 repo file(s), then the gate decides.
  ⠿ [10:44:03] building [qwen3.6:latest] · 34.8k tok · 15s · Σ4m · idea: Working angle: complete the task without breaking the gate; using 5 repo file(s), then the gate decides.
  ⠿ [10:44:11] building [qwen3.6:latest] · 34.8k tok · 23s · Σ4m · idea: Working angle: complete the task without breaking the gate; using 5 repo file(s), then the gate decides.
  ⠿ [10:44:19] building [qwen3.6:latest] · 34.8k tok · 31s · Σ5m · idea: Working angle: complete the task without breaking the gate; using 5 repo file(s), then the gate decides.
  ● edits: style.css(exact) · verify exit 0 · 10926 tok
  ✔ committed ef9e66f
━━ M3/6: Calculator Engine & Workflow Logic ━━
▶ 3.1 Build the calculator state machine and input handlers in JS  (6/30 · 45701
tok · 34m)
  ○ gate verdict reused — tree unchanged since last run
  ○ gate green + artifacts exist — auditing implementation
  skills: design-principles, dependency-medic
  — attempt 1/6 · qwen3.6:latest —
  ⠿ [10:44:27] building [qwen3.6:latest] · 45.7k tok · 1s · Σ5m · idea: Working angle: complete the task without breaking the gate; using 5 repo file(s), then the gate decides.
  ⠿ [10:44:35] building [qwen3.6:latest] · 45.7k tok · 9s · Σ5m · idea: Working angle: complete the task without breaking the gate; using 5 repo file(s), then the gate decides.
  ⠿ [10:44:43] building [qwen3.6:latest] · 45.7k tok · 17s · Σ5m · idea: Working angle: complete the task without breaking the gate; using 5 repo file(s), then the gate decides.
  ⠿ [10:44:51] building [qwen3.6:latest] · 45.7k tok · 25s · Σ5m · idea: Working angle: complete the task without breaking the gate; using 5 repo file(s), then the gate decides.
  ⠿ [10:44:59] building [qwen3.6:latest] · 45.7k tok · 33s · Σ5m · idea: Working angle: complete the task without breaking the gate; using 5 repo file(s), then the gate decides.
  ⠿ [10:45:07] building [qwen3.6:latest] · 45.9k tok · 41s · Σ5m · idea: Working angle: complete the task without breaking the gate; using 5 repo file(s), then the gate decides.
  ⠿ [10:45:15] building [qwen3.6:latest] · 46.1k tok · 49s · Σ5m · idea: Working angle: complete the task without breaking the gate; using 5 repo file(s), then the gate decides.
  ⠿ [10:45:23] building [qwen3.6:latest] · 46.3k tok · 57s · Σ6m · idea: Working angle: complete the task without breaking the gate; using 5 repo file(s), then the gate decides.
  ⠿ [10:45:31] building [qwen3.6:latest] · 46.5k tok · 65s · Σ6m · idea: Working angle: complete the task without breaking the gate; using 5 repo file(s), then the gate decides.
  ● edits: script.js(exact) · verify exit 0 · 12543 tok
  ✔ committed 17f206c
▶ 3.2 Implement evaluation, precision fixing, and error recovery  (7/30 · 58244 
tok · 35m)
  ○ gate verdict reused — tree unchanged since last run
  ○ gate green + artifacts exist — auditing implementation
  skills: design-principles, dependency-medic
  — attempt 1/6 · qwen3.6:latest —
  ⠿ [10:45:39] building [qwen3.6:latest] · 58.2k tok · 5s · Σ6m · idea: Working angle: complete the task without breaking the gate; using 5 repo file(s), then the gate decides.
  ⠿ [10:45:47] building [qwen3.6:latest] · 58.2k tok · 13s · Σ6m · idea: Working angle: complete the task without breaking the gate; using 5 repo file(s), then the gate decides.
  ⠿ [10:45:55] building [qwen3.6:latest] · 58.2k tok · 21s · Σ6m · idea: Working angle: complete the task without breaking the gate; using 5 repo file(s), then the gate decides.
  ⠿ [10:46:03] building [qwen3.6:latest] · 58.2k tok · 29s · Σ6m · idea: Working angle: complete the task without breaking the gate; using 5 repo file(s), then the gate decides.
  ⠿ [10:46:11] building [qwen3.6:latest] · 58.4k tok · 37s · Σ6m · idea: Working angle: complete the task without breaking the gate; using 5 repo file(s), then the gate decides.
  ⠿ [10:46:19] building [qwen3.6:latest] · 58.6k tok · 45s · Σ7m · idea: Working angle: complete the task without breaking the gate; using 5 repo file(s), then the gate decides.
  ⠿ [10:46:27] building [qwen3.6:latest] · 58.8k tok · 53s · Σ7m · idea: Working angle: complete the task without breaking the gate; using 5 repo file(s), then the gate decides.
  ● edits: script.js(exact) · verify exit 0 · 12225 tok
  ✔ committed cad0ca2
━━ M4/6: History Panel & Accessibility Wiring ━━
▶ 4.1 Implement history panel rendering and recall logic in JS  (8/30 · 70469 
tok · 36m)
  ○ gate verdict reused — tree unchanged since last run
  ○ gate green + artifacts exist — auditing implementation
  skills: design-principles
  — attempt 1/6 · qwen3.6:latest —
  ⠿ [10:46:35] building [qwen3.6:latest] · 70.5k tok · 6s · Σ7m · idea: Working angle: complete the task without breaking the gate; using 5 repo file(s), then the gate decides.
  ⠿ [10:46:43] building [qwen3.6:latest] · 70.5k tok · 14s · Σ7m · idea: Working angle: complete the task without breaking the gate; using 5 repo file(s), then the gate decides.
  ⠿ [10:46:51] building [qwen3.6:latest] · 70.5k tok · 22s · Σ7m · idea: Working angle: complete the task without breaking the gate; using 5 repo file(s), then the gate decides.
  ⠿ [10:46:59] building [qwen3.6:latest] · 70.5k tok · 30s · Σ7m · idea: Working angle: complete the task without breaking the gate; using 5 repo file(s), then the gate decides.
  ⠿ [10:47:07] building [qwen3.6:latest] · 70.7k tok · 38s · Σ7m · idea: Working angle: complete the task without breaking the gate; using 5 repo file(s), then the gate decides.
  ⠿ [10:47:15] building [qwen3.6:latest] · 70.9k tok · 46s · Σ7m · idea: Working angle: complete the task without breaking the gate; using 5 repo file(s), then the gate decides.
  ● edits: script.js(exact) · verify exit 0 · 11605 tok
  ✔ committed 1aa88a8
▶ 4.2 Wire DOM interactions and keyboard event listeners in JS  (9/30 · 82074 
tok · 36m)
  ○ gate verdict reused — tree unchanged since last run
  ○ gate green + artifacts exist — auditing implementation
  skills: design-principles
  — attempt 1/6 · qwen3.6:latest —
  ⠿ [10:47:23] building [qwen3.6:latest] · 82.1k tok · 6s · Σ8m · idea: Working angle: complete the task without breaking the gate; using 5 repo file(s), then the gate decides.
  ⠿ [10:47:31] building [qwen3.6:latest] · 82.1k tok · 14s · Σ8m · idea: Working angle: complete the task without breaking the gate; using 5 repo file(s), then the gate decides.
  ⠿ [10:47:39] building [qwen3.6:latest] · 82.1k tok · 22s · Σ8m · idea: Working angle: complete the task without breaking the gate; using 5 repo file(s), then the gate decides.
  ⠿ [10:47:47] building [qwen3.6:latest] · 82.1k tok · 30s · Σ8m · idea: Working angle: complete the task without breaking the gate; using 5 repo file(s), then the gate decides.
  ⠿ [10:47:55] building [qwen3.6:latest] · 82.3k tok · 38s · Σ8m · idea: Working angle: complete the task without breaking the gate; using 5 repo file(s), then the gate decides.
  ⠿ [10:48:03] building [qwen3.6:latest] · 82.5k tok · 46s · Σ8m · idea: Working angle: complete the task without breaking the gate; using 5 repo file(s), then the gate decides.
  ⠿ [10:48:11] building [qwen3.6:latest] · 82.7k tok · 54s · Σ8m · idea: Working angle: complete the task without breaking the gate; using 5 repo file(s), then the gate decides.
  ● edits: script.js(exact), script.js(exact) · verify exit 0 · 12165 tok
  ✔ committed e1cb061
━━ M5/6: Testing, Delivery & Verification ━━
▶ 5.1 Write automated behavioral tests for core logic and edge cases  (10/30 · 
94239 tok · 37m)
  ○ gate verdict reused — tree unchanged since last run
  ○ gate green but artifacts missing: test.html (create the file test.html), 
test.js (create the file test.js)
  skills: design-principles
  — attempt 1/6 · qwen3.6:latest —
  ⠿ [10:48:19] building [qwen3.6:latest] · 94.2k tok · 2s · Σ9m · idea: Working angle: complete the task without breaking the gate; using 5 repo file(s), then the gate decides.
  ⠿ [10:48:27] building [qwen3.6:latest] · 94.2k tok · 10s · Σ9m · idea: Working angle: complete the task without breaking the gate; using 5 repo file(s), then the gate decides.
  ⠿ [10:48:35] building [qwen3.6:latest] · 94.2k tok · 18s · Σ9m · idea: Working angle: complete the task without breaking the gate; using 5 repo file(s), then the gate decides.
  ⠿ [10:48:43] building [qwen3.6:latest] · 94.2k tok · 26s · Σ9m · idea: Working angle: complete the task without breaking the gate; using 5 repo file(s), then the gate decides.
  ⠿ [10:48:51] building [qwen3.6:latest] · 94.4k tok · 34s · Σ9m · idea: Working angle: complete the task without breaking the gate; using 5 repo file(s), then the gate decides.
  ⠿ [10:48:59] building [qwen3.6:latest] · 94.6k tok · 42s · Σ9m · idea: Working angle: complete the task without breaking the gate; using 5 repo file(s), then the gate decides.
  ⠿ [10:49:07] building [qwen3.6:latest] · 94.8k tok · 50s · Σ9m · idea: Working angle: complete the task without breaking the gate; using 5 repo file(s), then the gate decides.
  ● edits: test.html(created) · verify exit 0 · 12050 tok
  ○ green but artifacts still missing: test.js (create the file test.js)
  — attempt 2/6 · qwen3.6:latest —
  ⠿ [10:49:15] building [qwen3.6:latest] · 95.0k tok · 2s · Σ9m · idea: Working angle: complete the task without breaking the gate; using 6 repo file(s), then the gate decides.
  ⠿ [10:49:23] building [qwen3.6:latest] · 95.2k tok · 10s · Σ10m · idea: Working angle: complete the task without breaking the gate; using 6 repo file(s), then the gate decides.
  ⠿ [10:49:31] building [qwen3.6:latest] · 95.4k tok · 18s · Σ10m · idea: Working angle: complete the task without breaking the gate; using 6 repo file(s), then the gate decides.
  ⠿ [10:49:39] building [qwen3.6:latest] · 95.6k tok · 26s · Σ10m · idea: Working angle: complete the task without breaking the gate; using 6 repo file(s), then the gate decides.
  ⠿ [10:49:47] building [qwen3.6:latest] · 95.8k tok · 34s · Σ10m · idea: Working angle: complete the task without breaking the gate; using 6 repo file(s), then the gate decides.
  ⠿ [10:49:55] building [qwen3.6:latest] · 96.1k tok · 42s · Σ10m · idea: Working angle: complete the task without breaking the gate; using 6 repo file(s), then the gate decides.
  ⠿ [10:50:03] building [qwen3.6:latest] · 96.3k tok · 50s · Σ10m · idea: Working angle: complete the task without breaking the gate; using 6 repo file(s), then the gate decides.
  ⠿ [10:50:12] building [qwen3.6:latest] · 96.5k tok · 58s · Σ10m · idea: Working angle: complete the task without breaking the gate; using 6 repo file(s), then the gate decides.
  ⠿ [10:50:20] building [qwen3.6:latest] · 96.7k tok · 66s · Σ11m · idea: Working angle: complete the task without breaking the gate; using 6 repo file(s), then the gate decides.
  ● edits: test.js(created) · verify exit 0 · 14346 tok
  ✔ committed 85d4a13
▶ 5.2 Package delivery and verify immediate execution  (11/30 · 120635 tok · 
40m)
  ○ gate verdict reused — tree unchanged since last run
  ○ gate green but artifacts missing: README.md (create the file README.md)
  skills: design-principles, dependency-medic
  — attempt 1/6 · qwen3.6:latest —
  ⠿ [10:50:28] building [qwen3.6:latest] · 120.6k tok · 4s · Σ11m · idea: Working angle: complete the task without breaking the gate; using 7 repo file(s), then the gate decides.
  ⠿ [10:50:36] building [qwen3.6:latest] · 120.6k tok · 12s · Σ11m · idea: Working angle: complete the task without breaking the gate; using 7 repo file(s), then the gate decides.
  ⠿ [10:50:44] building [qwen3.6:latest] · 120.6k tok · 20s · Σ11m · idea: Working angle: complete the task without breaking the gate; using 7 repo file(s), then the gate decides.
  ⠿ [10:50:52] building [qwen3.6:latest] · 120.6k tok · 28s · Σ11m · idea: Working angle: complete the task without breaking the gate; using 7 repo file(s), then the gate decides.
  ⠿ [10:51:00] building [qwen3.6:latest] · 120.6k tok · 36s · Σ11m · idea: Working angle: complete the task without breaking the gate; using 7 repo file(s), then the gate decides.
  ⠿ [10:51:08] building [qwen3.6:latest] · 120.8k tok · 44s · Σ11m · ✎ E.md · idea: Working angle: complete the task without breaking the gate; using 7 repo file(s), then the gate decides.
  ⠿ [10:51:16] building [qwen3.6:latest] · 121.1k tok · 52s · Σ11m · ✎ README.md · idea: Working angle: complete the task without breaking the gate; using 7 repo file(s), then the gate decides.
  ⠿ [10:51:24] building [qwen3.6:latest] · 121.4k tok · 60s · Σ12m · ✎ ADME.md · idea: Working angle: complete the task without breaking the gate; using 7 repo file(s), then the gate decides.
  ⠿ [10:51:32] building [qwen3.6:latest] · 121.6k tok · 68s · Σ12m · ✎ ADME.md · idea: Working angle: complete the task without breaking the gate; using 7 repo file(s), then the gate decides.
  ⠿ [10:51:40] building [qwen3.6:latest] · 121.8k tok · 76s · Σ12m · ✎ ADME.md · idea: Working angle: complete the task without breaking the gate; using 7 repo file(s), then the gate decides.
  ⠿ [10:51:48] building [qwen3.6:latest] · 122.1k tok · 84s · Σ12m · ✎ ADME.md · idea: Working angle: complete the task without breaking the gate; using 7 repo file(s), then the gate decides.
  ⠿ [10:51:56] building [qwen3.6:latest] · 122.3k tok · 92s · Σ12m · ✎ ADME.md · idea: Working angle: complete the task without breaking the gate; using 7 repo file(s), then the gate decides.
  ○ gate verdict reused — tree unchanged since last run
  ● edits: none · verify exit 0 · 15692 tok
  ○ 1 block(s) didn't apply
  ○ green but artifacts still missing: README.md (create the file README.md)
  — attempt 2/6 · qwen3.6:latest —
  ⠿ [10:52:04] building [qwen3.6:latest] · 122.5k tok · 1s · Σ12m · idea: Working angle: complete the task without breaking the gate; using 7 repo file(s), then the gate decides.
  ● edits: README.md(created) · verify exit 0 · 13747 tok
  ✔ committed 0816254
━━ M6/6: Acceptance coverage ━━
▶ 6.1 Complete R1: Delivered as a single static web page (index.html) with its 
own   (12/30 · 150074 tok · 41m)
  ○ gate verdict reused — tree unchanged since last run
  ○ gate green + artifacts exist — auditing implementation
  skills: design-principles
  — attempt 1/6 · qwen3.6:latest —
  ⠿ [10:52:12] building [qwen3.6:latest] · 150.1k tok · 1s · Σ12m · idea: Working angle: complete the task without breaking the gate; using 8 repo file(s), then the gate decides.
  ⠿ [10:52:20] building [qwen3.6:latest] · 150.1k tok · 9s · Σ13m · idea: Working angle: complete the task without breaking the gate; using 8 repo file(s), then the gate decides.
  ⠿ [10:52:28] building [qwen3.6:latest] · 150.1k tok · 17s · Σ13m · idea: Working angle: complete the task without breaking the gate; using 8 repo file(s), then the gate decides.
  ⠿ [10:52:36] building [qwen3.6:latest] · 150.1k tok · 25s · Σ13m · idea: Working angle: complete the task without breaking the gate; using 8 repo file(s), then the gate decides.
  ⠿ [10:52:44] building [qwen3.6:latest] · 150.1k tok · 33s · Σ13m · idea: Working angle: complete the task without breaking the gate; using 8 repo file(s), then the gate decides.
  ● edits: script.js(exact) · verify exit 0 · 13557 tok
  ✔ committed b08c076
▶ 6.2 Complete R2: Requires no build step to run.  (13/30 · 163631 tok · 42m)
  ○ gate verdict reused — tree unchanged since last run
  ○ gate green + artifacts exist — auditing implementation
  skills: design-principles
  — attempt 1/6 · qwen3.6:latest —
  ⠿ [10:52:52] building [qwen3.6:latest] · 163.6k tok · 1s · Σ13m · idea: Working angle: complete the task without breaking the gate; using 8 repo file(s), then the gate decides.
  ⠿ [10:53:00] building [qwen3.6:latest] · 163.6k tok · 9s · Σ13m · idea: Working angle: complete the task without breaking the gate; using 8 repo file(s), then the gate decides.
  ⠿ [10:53:08] building [qwen3.6:latest] · 163.6k tok · 17s · Σ13m · idea: Working angle: complete the task without breaking the gate; using 8 repo file(s), then the gate decides.
  ⠿ [10:53:16] building [qwen3.6:latest] · 163.6k tok · 25s · Σ13m · idea: Working angle: complete the task without breaking the gate; using 8 repo file(s), then the gate decides.
  ⠿ [10:53:24] building [qwen3.6:latest] · 163.6k tok · 33s · Σ14m · idea: Working angle: complete the task without breaking the gate; using 8 repo file(s), then the gate decides.
  ⠿ [10:53:32] building [qwen3.6:latest] · 163.8k tok · 41s · Σ14m · idea: Working angle: complete the task without breaking the gate; using 8 repo file(s), then the gate decides.
  ⠿ [10:53:40] building [qwen3.6:latest] · 164.0k tok · 49s · Σ14m · idea: Working angle: complete the task without breaking the gate; using 8 repo file(s), then the gate decides.
  ⠿ [10:53:48] building [qwen3.6:latest] · 164.2k tok · 57s · Σ14m · idea: Working angle: complete the task without breaking the gate; using 8 repo file(s), then the gate decides.
  ⠿ [10:53:56] building [qwen3.6:latest] · 164.5k tok · 65s · Σ14m · idea: Working angle: complete the task without breaking the gate; using 8 repo file(s), then the gate decides.
  ○ gate verdict reused — tree unchanged since last run
  ● edits: none · verify exit 0 · 14484 tok
  ○ 1 block(s) didn't apply
  ○ gate was already green and no edit landed — not accepting as done
  — attempt 2/6 · qwen3.6:latest —
  ⠿ [10:54:04] building [qwen3.6:latest] · 164.6k tok · 4s · Σ14m · idea: Working angle: complete the task without breaking the gate; using 8 repo file(s), then the gate decides.
  ⠿ [10:54:12] building [qwen3.6:latest] · 164.9k tok · 12s · Σ14m · idea: Working angle: complete the task without breaking the gate; using 8 repo file(s), then the gate decides.
  ⠿ [10:54:20] building [qwen3.6:latest] · 165.1k tok · 20s · Σ15m · idea: Working angle: complete the task without breaking the gate; using 8 repo file(s), then the gate decides.
  ⠿ [10:54:28] building [qwen3.6:latest] · 165.3k tok · 28s · Σ15m · idea: Working angle: complete the task without breaking the gate; using 8 repo file(s), then the gate decides.
  ⠿ [10:54:36] building [qwen3.6:latest] · 165.6k tok · 36s · Σ15m · idea: Working angle: complete the task without breaking the gate; using 8 repo file(s), then the gate decides.
  ○ gate verdict reused — tree unchanged since last run
  ● edits: none · verify exit 0 · 14936 tok
  ○ 1 block(s) didn't apply
  ○ gate was already green and no edit landed — not accepting as done
  — attempt 3/6 · qwen3.6:latest —
  ⠿ [10:54:44] building [qwen3.6:latest] · 165.7k tok · 2s · Σ15m · idea: Working angle: complete the task without breaking the gate; using 8 repo file(s), then the gate decides.
  ⠿ [10:54:52] building [qwen3.6:latest] · 165.9k tok · 10s · Σ15m · idea: Working angle: complete the task without breaking the gate; using 8 repo file(s), then the gate decides.
  ⠿ [10:55:00] building [qwen3.6:latest] · 166.2k tok · 18s · Σ15m · idea: Working angle: complete the task without breaking the gate; using 8 repo file(s), then the gate decides.
  ⠿ [10:55:08] building [qwen3.6:latest] · 166.4k tok · 26s · Σ15m · idea: Working angle: complete the task without breaking the gate; using 8 repo file(s), then the gate decides.
  ○ gate verdict reused — tree unchanged since last run
  ● edits: none · verify exit 0 · 14463 tok
  ○ 1 block(s) didn't apply
  ○ gate was already green and no edit landed — not accepting as done
  — attempt 4/6 · qwen3.6:latest —
  ⠿ [10:55:16] building [qwen3.6:latest] · 166.6k tok · 1s · Σ15m · idea: Working angle: complete the task without breaking the gate; using 8 repo file(s), then the gate decides.
  ⠿ [10:55:24] building [qwen3.6:latest] · 166.8k tok · 9s · Σ16m · idea: Working angle: complete the task without breaking the gate; using 8 repo file(s), then the gate decides.
  ⠿ [10:55:32] building [qwen3.6:latest] · 167.0k tok · 17s · Σ16m · idea: Working angle: complete the task without breaking the gate; using 8 repo file(s), then the gate decides.
  ⠿ [10:55:40] building [qwen3.6:latest] · 167.3k tok · 25s · Σ16m · idea: Working angle: complete the task without breaking the gate; using 8 repo file(s), then the gate decides.
  ⠿ [10:55:48] verifying [gate] · 167.5k tok · 0s · Σ16m · idea: Working angle: complete the task without breaking the gate; using 8 repo file(s), then the gate decides.
  ● edits: index.html(exact) · verify exit 0 · 14695 tok
  ✔ committed 045d757
▶ 6.3 Complete R3: Uses no external CDNs for dependencies.  (14/30 · 222209 tok 
· 45m)
  ○ gate verdict reused — tree unchanged since last run
  ○ gate green + artifacts exist — auditing implementation
  skills: design-principles
  — attempt 1/6 · qwen3.6:latest —
  ⠿ [10:55:56] building [qwen3.6:latest] · 222.2k tok · 7s · Σ16m · idea: Working angle: complete the task without breaking the gate; using 8 repo file(s), then the gate decides.
  ⠿ [10:56:04] building [qwen3.6:latest] · 222.2k tok · 15s · Σ16m · idea: Working angle: complete the task without breaking the gate; using 8 repo file(s), then the gate decides.
  ⠿ [10:56:12] building [qwen3.6:latest] · 222.2k tok · 23s · Σ16m · idea: Working angle: complete the task without breaking the gate; using 8 repo file(s), then the gate decides.
  ⠿ [10:56:20] building [qwen3.6:latest] · 222.2k tok · 31s · Σ17m · idea: Working angle: complete the task without breaking the gate; using 8 repo file(s), then the gate decides.
  ⠿ [10:56:28] building [qwen3.6:latest] · 222.3k tok · 39s · Σ17m · idea: Working angle: complete the task without breaking the gate; using 8 repo file(s), then the gate decides.
  ⠿ [10:56:36] building [qwen3.6:latest] · 222.5k tok · 47s · Σ17m · idea: Working angle: complete the task without breaking the gate; using 8 repo file(s), then the gate decides.
  ⠿ [10:56:44] building [qwen3.6:latest] · 222.8k tok · 55s · Σ17m · idea: Working angle: complete the task without breaking the gate; using 8 repo file(s), then the gate decides.
  ○ gate verdict reused — tree unchanged since last run
  ● edits: none · verify exit 0 · 14153 tok
  ○ 1 block(s) didn't apply
  ○ gate was already green and no edit landed — not accepting as done
  — attempt 2/6 · qwen3.6:latest —
  ⠿ [10:56:52] building [qwen3.6:latest] · 222.9k tok · 3s · Σ17m · idea: Working angle: complete the task without breaking the gate; using 8 repo file(s), then the gate decides.
  ⠿ [10:57:00] building [qwen3.6:latest] · 223.1k tok · 11s · Σ17m · idea: Working angle: complete the task without breaking the gate; using 8 repo file(s), then the gate decides.
  ⠿ [10:57:08] building [qwen3.6:latest] · 223.4k tok · 19s · Σ17m · idea: Working angle: complete the task without breaking the gate; using 8 repo file(s), then the gate decides.
  ⠿ [10:57:16] building [qwen3.6:latest] · 223.6k tok · 27s · Σ17m · idea: Working angle: complete the task without breaking the gate; using 8 repo file(s), then the gate decides.
  ● edits: index.html(exact) · verify exit 0 · 14651 tok
  ✔ committed e6239f3
▶ 6.4 Complete R4: Performs correct arithmetic for addition, subtraction, 
multiplic  (15/30 · 251013 tok · 47m)
  ○ gate verdict reused — tree unchanged since last run
  ○ gate green + artifacts exist — auditing implementation
  skills: design-principles
  — attempt 1/6 · qwen3.6:latest —
  ⠿ [10:57:24] building [qwen3.6:latest] · 251.0k tok · 0s · Σ18m · idea: Working angle: complete the task without breaking the gate; using 8 repo file(s), then the gate decides.
  ⠿ [10:57:32] building [qwen3.6:latest] · 251.0k tok · 8s · Σ18m · idea: Working angle: complete the task without breaking the gate; using 8 repo file(s), then the gate decides.
  ⠿ [10:57:40] building [qwen3.6:latest] · 251.0k tok · 16s · Σ18m · idea: Working angle: complete the task without breaking the gate; using 8 repo file(s), then the gate decides.
  ⠿ [10:57:48] building [qwen3.6:latest] · 251.0k tok · 24s · Σ18m · idea: Working angle: complete the task without breaking the gate; using 8 repo file(s), then the gate decides.
  ⠿ [10:57:56] building [qwen3.6:latest] · 251.0k tok · 32s · Σ18m · idea: Working angle: complete the task without breaking the gate; using 8 repo file(s), then the gate decides.
  ⠿ [10:58:04] building [qwen3.6:latest] · 251.1k tok · 40s · Σ18m · idea: Working angle: complete the task without breaking the gate; using 8 repo file(s), then the gate decides.
  ⠿ [10:58:12] building [qwen3.6:latest] · 251.3k tok · 48s · Σ18m · idea: Working angle: complete the task without breaking the gate; using 8 repo file(s), then the gate decides.
  ⠿ [10:58:20] building [qwen3.6:latest] · 251.6k tok · 56s · Σ19m · idea: Working angle: complete the task without breaking the gate; using 8 repo file(s), then the gate decides.
  ⠿ [10:58:28] building [qwen3.6:latest] · 251.9k tok · 64s · Σ19m · idea: Working angle: complete the task without breaking the gate; using 8 repo file(s), then the gate decides.
  ⠿ [10:58:36] building [qwen3.6:latest] · 252.1k tok · 72s · Σ19m · idea: Working angle: complete the task without breaking the gate; using 8 repo file(s), then the gate decides.
  ⠿ [10:58:44] building [qwen3.6:latest] · 252.3k tok · 80s · Σ19m · idea: Working angle: complete the task without breaking the gate; using 8 repo file(s), then the gate decides.
  ⠿ [10:58:52] building [qwen3.6:latest] · 252.6k tok · 88s · Σ19m · idea: Working angle: complete the task without breaking the gate; using 8 repo file(s), then the gate decides.
  ⠿ [10:59:00] building [qwen3.6:latest] · 252.8k tok · 96s · Σ19m · idea: Working angle: complete the task without breaking the gate; using 8 repo file(s), then the gate decides.
  ⠿ [10:59:08] building [qwen3.6:latest] · 253.0k tok · 104s · Σ19m · idea: Working angle: complete the task without breaking the gate; using 8 repo file(s), then the gate decides.
  ⠿ [10:59:16] building [qwen3.6:latest] · 253.2k tok · 113s · Σ19m · idea: Working angle: complete the task without breaking the gate; using 8 repo file(s), then the gate decides.
  ⠿ [10:59:24] building [qwen3.6:latest] · 253.4k tok · 121s · Σ20m · idea: Working angle: complete the task without breaking the gate; using 8 repo file(s), then the gate decides.
  ⠿ [10:59:32] building [qwen3.6:latest] · 253.6k tok · 129s · Σ20m · idea: Working angle: complete the task without breaking the gate; using 8 repo file(s), then the gate decides.
  ⠿ [10:59:40] building [qwen3.6:latest] · 253.8k tok · 137s · Σ20m · idea: Working angle: complete the task without breaking the gate; using 8 repo file(s), then the gate decides.
  ⠿ [10:59:48] building [qwen3.6:latest] · 254.0k tok · 145s · Σ20m · idea: Working angle: complete the task without breaking the gate; using 8 repo file(s), then the gate decides.
  ⠿ [10:59:56] building [qwen3.6:latest] · 254.2k tok · 153s · Σ20m · idea: Working angle: complete the task without breaking the gate; using 8 repo file(s), then the gate decides.
  ⠿ [11:00:04] building [qwen3.6:latest] · 254.4k tok · 161s · Σ20m · idea: Working angle: complete the task without breaking the gate; using 8 repo file(s), then the gate decides.
  ⠿ [11:00:12] building [qwen3.6:latest] · 254.7k tok · 169s · Σ20m · idea: Working angle: complete the task without breaking the gate; using 8 repo file(s), then the gate decides.
  ⠿ [11:00:20] building [qwen3.6:latest] · 254.9k tok · 177s · Σ21m · idea: Working angle: complete the task without breaking the gate; using 8 repo file(s), then the gate decides.
  ⠿ [11:00:28] building [qwen3.6:latest] · 255.1k tok · 185s · Σ21m · idea: Working angle: complete the task without breaking the gate; using 8 repo file(s), then the gate decides.
  ⠿ [11:00:36] building [qwen3.6:latest] · 255.3k tok · 193s · Σ21m · idea: Working angle: complete the task without breaking the gate; using 8 repo file(s), then the gate decides.
  ⠿ [11:00:44] building [qwen3.6:latest] · 255.5k tok · 201s · Σ21m · idea: Working angle: complete the task without breaking the gate; using 8 repo file(s), then the gate decides.
  ⠿ [11:00:52] building [qwen3.6:latest] · 255.8k tok · 209s · Σ21m · idea: Working angle: complete the task without breaking the gate; using 8 repo file(s), then the gate decides.
  ⠿ [11:01:00] building [qwen3.6:latest] · 256.0k tok · 217s · Σ21m · idea: Working angle: complete the task without breaking the gate; using 8 repo file(s), then the gate decides.
  ⠿ [11:01:08] building [qwen3.6:latest] · 256.2k tok · 225s · Σ21m · idea: Working angle: complete the task without breaking the gate; using 8 repo file(s), then the gate decides.
  ⠿ [11:01:16] building [qwen3.6:latest] · 256.5k tok · 233s · Σ21m · idea: Working angle: complete the task without breaking the gate; using 8 repo file(s), then the gate decides.
  ⠿ [11:01:24] building [qwen3.6:latest] · 256.7k tok · 241s · Σ22m · idea: Working angle: complete the task without breaking the gate; using 8 repo file(s), then the gate decides.
  ⠿ [11:01:32] building [qwen3.6:latest] · 256.9k tok · 249s · Σ22m · idea: Working angle: complete the task without breaking the gate; using 8 repo file(s), then the gate decides.
  ⠿ [11:01:40] building [qwen3.6:latest] · 257.1k tok · 257s · Σ22m · idea: Working angle: complete the task without breaking the gate; using 8 repo file(s), then the gate decides.
  ⠿ [11:01:48] building [qwen3.6:latest] · 257.3k tok · 265s · Σ22m · idea: Working angle: complete the task without breaking the gate; using 8 repo file(s), then the gate decides.
  ⠿ [11:01:56] building [qwen3.6:latest] · 257.5k tok · 273s · Σ22m · idea: Working angle: complete the task without breaking the gate; using 8 repo file(s), then the gate decides.
  ○ no edits parsed — reply hit token cap mid-block (8192 tok)
     reply starts: "I need to analyze the current state of the files and 
identify what's m"
  — attempt 2/6 · qwen3.6:latest —
  ⠿ [11:02:04] building [qwen3.6:latest] · 257.6k tok · 4s · Σ22m · idea: Working angle: complete the task without breaking the gate; using 8 repo file(s), then the gate decides.
  ⠿ [11:02:12] building [qwen3.6:latest] · 257.6k tok · 12s · Σ22m · idea: Working angle: complete the task without breaking the gate; using 8 repo file(s), then the gate decides.
  ⠿ [11:02:20] building [qwen3.6:latest] · 257.6k tok · 20s · Σ23m · idea: Working angle: complete the task without breaking the gate; using 8 repo file(s), then the gate decides.
  ⠿ [11:02:28] building [qwen3.6:latest] · 257.6k tok · 28s · Σ23m · idea: Working angle: complete the task without breaking the gate; using 8 repo file(s), then the gate decides.
  ○ gate verdict reused — tree unchanged since last run
  ● edits: none · verify exit 0 · 12060 tok
  ○ 1 block(s) didn't apply
  ○ gate was already green and no edit landed — not accepting as done
  — attempt 3/6 · qwen3.6:latest —
  ⠿ [11:02:36] building [qwen3.6:latest] · 257.6k tok · 1s · Σ23m · idea: Working angle: complete the task without breaking the gate; using 8 repo file(s), then the gate decides.
  ○ no edits parsed — no SEARCH/REPLACE markers found (35 tok)
     reply starts: "I need to examine the current state of the files to 
understand what's "
  — attempt 4/6 · qwen3.6:latest —
  ⠿ [11:02:44] building [qwen3.6:latest] · 257.7k tok · 6s · Σ23m · idea: Working angle: complete the task without breaking the gate; using 8 repo file(s), then the gate decides.
  ⠿ [11:02:52] building [qwen3.6:latest] · 257.9k tok · 14s · Σ23m · idea: Working angle: complete the task without breaking the gate; using 8 repo file(s), then the gate decides.
  ⠿ [11:03:00] building [qwen3.6:latest] · 258.2k tok · 22s · Σ23m · idea: Working angle: complete the task without breaking the gate; using 8 repo file(s), then the gate decides.
  ○ gate verdict reused — tree unchanged since last run
  ● edits: none · verify exit 0 · 12927 tok
  ○ 1 block(s) didn't apply
  ○ gate was already green and no edit landed — not accepting as done
  — attempt 5/6 · qwen3.6:latest —
  ⠿ [11:03:08] building [qwen3.6:latest] · 258.3k tok · 3s · Σ23m · idea: Working angle: complete the task without breaking the gate; using 8 repo file(s), then the gate decides.
  ○ no edits parsed — no SEARCH/REPLACE markers found (59 tok)
     reply starts: 'I need to first inspect the current state of `index.html` 
and `script.'
  — attempt 6/6 · qwen3.6:latest —
  ⠿ [11:03:16] building [qwen3.6:latest] · 258.5k tok · 6s · Σ23m · idea: Working angle: complete the task without breaking the gate; using 8 repo file(s), then the gate decides.
  ⠿ [11:03:24] building [qwen3.6:latest] · 258.8k tok · 14s · Σ24m · idea: Working angle: complete the task without breaking the gate; using 8 repo file(s), then the gate decides.
  ⠿ [11:03:32] building [qwen3.6:latest] · 259.0k tok · 22s · Σ24m · idea: Working angle: complete the task without breaking the gate; using 8 repo file(s), then the gate decides.
  ○ gate verdict reused — tree unchanged since last run
  ● edits: none · verify exit 0 · 12822 tok
  ○ 1 block(s) didn't apply
  ○ gate was already green and no edit landed — not accepting as done
  ✗ budget exhausted — checkpoint saved
  ⟲ returned to the task's clean checkpoint
  ⇑ escalating to qwen3.6:27b
  ○ gate verdict reused — tree unchanged since last run
  ○ gate green + artifacts exist — auditing implementation
  skills: design-principles
  — attempt 1/4 · qwen3.6:27b —
  ⠿ [11:03:40] building [qwen3.6:27b] · 259.0k tok · 7s · Σ24m · idea: Working angle: complete the task without breaking the gate; using 8 repo file(s), then the gate decides.
  ⠿ [11:03:48] building [qwen3.6:27b] · 259.0k tok · 15s · Σ24m · idea: Working angle: complete the task without breaking the gate; using 8 repo file(s), then the gate decides.
  ⠿ [11:03:56] building [qwen3.6:27b] · 259.0k tok · 23s · Σ24m · idea: Working angle: complete the task without breaking the gate; using 8 repo file(s), then the gate decides.
  ⠿ [11:04:04] building [qwen3.6:27b] · 259.0k tok · 31s · Σ24m · idea: Working angle: complete the task without breaking the gate; using 8 repo file(s), then the gate decides.
  ⠿ [11:04:12] building [qwen3.6:27b] · 259.0k tok · 39s · Σ24m · idea: Working angle: complete the task without breaking the gate; using 8 repo file(s), then the gate decides.
  ⠿ [11:04:20] building [qwen3.6:27b] · 259.0k tok · 47s · Σ25m · idea: Working angle: complete the task without breaking the gate; using 8 repo file(s), then the gate decides.
  ⠿ [11:04:28] building [qwen3.6:27b] · 259.0k tok · 55s · Σ25m · idea: Working angle: complete the task without breaking the gate; using 8 repo file(s), then the gate decides.
  ⠿ [11:04:36] building [qwen3.6:27b] · 259.0k tok · 63s · Σ25m · idea: Working angle: complete the task without breaking the gate; using 8 repo file(s), then the gate decides.
  ⠿ [11:04:44] building [qwen3.6:27b] · 259.0k tok · 71s · Σ25m · idea: Working angle: complete the task without breaking the gate; using 8 repo file(s), then the gate decides.
  ⠿ [11:04:52] building [qwen3.6:27b] · 259.0k tok · 79s · Σ25m · idea: Working angle: complete the task without breaking the gate; using 8 repo file(s), then the gate decides.
  ⠿ [11:05:00] building [qwen3.6:27b] · 259.0k tok · 87s · Σ25m · idea: Working angle: complete the task without breaking the gate; using 8 repo file(s), then the gate decides.
  ⠿ [11:05:08] building [qwen3.6:27b] · 259.0k tok · 95s · Σ25m · idea: Working angle: complete the task without breaking the gate; using 8 repo file(s), then the gate decides.
  ⠿ [11:05:16] building [qwen3.6:27b] · 259.0k tok · 103s · Σ25m · idea: Working angle: complete the task without breaking the gate; using 8 repo file(s), then the gate decides.
  ⠿ [11:05:24] building [qwen3.6:27b] · 259.0k tok · 111s · Σ26m · idea: Working angle: complete the task without breaking the gate; using 8 repo file(s), then the gate decides.
  ⠿ [11:05:32] building [qwen3.6:27b] · 259.0k tok · 119s · Σ26m · idea: Working angle: complete the task without breaking the gate; using 8 repo file(s), then the gate decides.
  ⠿ [11:05:40] building [qwen3.6:27b] · 259.0k tok · 127s · Σ26m · idea: Working angle: complete the task without breaking the gate; using 8 repo file(s), then the gate decides.
  ⠿ [11:05:48] building [qwen3.6:27b] · 259.0k tok · 135s · Σ26m · idea: Working angle: complete the task without breaking the gate; using 8 repo file(s), then the gate decides.
  ⠿ [11:05:56] building [qwen3.6:27b] · 259.0k tok · 143s · Σ26m · idea: Working angle: complete the task without breaking the gate; using 8 repo file(s), then the gate decides.
  ⠿ [11:06:04] building [qwen3.6:27b] · 259.0k tok · 151s · Σ26m · idea: Working angle: complete the task without breaking the gate; using 8 repo file(s), then the gate decides.
  ⠿ [11:06:12] building [qwen3.6:27b] · 259.0k tok · 159s · Σ26m · idea: Working angle: complete the task without breaking the gate; using 8 repo file(s), then the gate decides.
  ⠿ [11:06:20] building [qwen3.6:27b] · 259.0k tok · 167s · Σ27m · idea: Working angle: complete the task without breaking the gate; using 8 repo file(s), then the gate decides.
  ⠿ [11:06:28] building [qwen3.6:27b] · 259.0k tok · 175s · Σ27m · idea: Working angle: complete the task without breaking the gate; using 8 repo file(s), then the gate decides.
  ⠿ [11:06:36] building [qwen3.6:27b] · 259.0k tok · 183s · Σ27m · idea: Working angle: complete the task without breaking the gate; using 8 repo file(s), then the gate decides.
  ⠿ [11:06:44] building [qwen3.6:27b] · 259.0k tok · 191s · Σ27m · idea: Working angle: complete the task without breaking the gate; using 8 repo file(s), then the gate decides.
  ⠿ [11:06:52] building [qwen3.6:27b] · 259.0k tok · 199s · Σ27m · idea: Working angle: complete the task without breaking the gate; using 8 repo file(s), then the gate decides.
  ○ no edits parsed — no SEARCH/REPLACE markers found (41 tok)
     reply starts: "I need to audit the files to understand what's missing for 
R4 (correct"
  — attempt 2/4 · qwen3.6:27b —
  ⠿ [11:07:00] building [qwen3.6:27b] · 259.0k tok · 2s · Σ27m · idea: Working angle: complete the task without breaking the gate; using 8 repo file(s), then the gate decides.
  ⠿ [11:07:09] building [qwen3.6:27b] · 259.0k tok · 10s · Σ27m · idea: Working angle: complete the task without breaking the gate; using 8 repo file(s), then the gate decides.
  ○ no edits parsed — no SEARCH/REPLACE markers found (44 tok)
     reply starts: "I need to examine the current state of the files to 
understand what's "
  — attempt 3/4 · qwen3.6:27b —
  ⠿ [11:07:17] building [qwen3.6:27b] · 259.1k tok · 2s · Σ27m · idea: Working angle: complete the task without breaking the gate; using 8 repo file(s), then the gate decides.
  ○ no edits parsed — no SEARCH/REPLACE markers found (44 tok)
     reply starts: "I need to examine the current state of the files to 
understand what's "
  ⇥ 3 unparseable replies in a row — stopping this lane early
  ✗ budget exhausted — checkpoint saved
  ⟲ returned to the task's clean checkpoint
  ✗ blocked — reverted; continuing with the rest of the plan
▶ 6.5 Complete R5: Supports chained operations without incorrect intermediate 
reset  (16/30 · 374928 tok · 57m)
  ○ gate verdict reused — tree unchanged since last run
  ○ gate green + artifacts exist — auditing implementation
  skills: design-principles
  — attempt 1/6 · qwen3.6:latest —
  ⠿ [11:07:25] building [qwen3.6:latest] · 374.9k tok · 2s · Σ28m · idea: Working angle: complete the task without breaking the gate; using 8 repo file(s), then the gate decides.
  ⠿ [11:07:33] building [qwen3.6:latest] · 374.9k tok · 10s · Σ28m · idea: Working angle: complete the task without breaking the gate; using 8 repo file(s), then the gate decides.
  ⠿ [11:07:41] building [qwen3.6:latest] · 374.9k tok · 18s · Σ28m · idea: Working angle: complete the task without breaking the gate; using 8 repo file(s), then the gate decides.
  ⠿ [11:07:49] building [qwen3.6:latest] · 374.9k tok · 26s · Σ28m · idea: Working angle: complete the task without breaking the gate; using 8 repo file(s), then the gate decides.
  ⠿ [11:07:57] building [qwen3.6:latest] · 374.9k tok · 34s · Σ28m · idea: Working angle: complete the task without breaking the gate; using 8 repo file(s), then the gate decides.
  ⠿ [11:08:05] building [qwen3.6:latest] · 374.9k tok · 42s · Σ28m · idea: Working angle: complete the task without breaking the gate; using 8 repo file(s), then the gate decides.
  ⠿ [11:08:13] building [qwen3.6:latest] · 375.1k tok · 50s · Σ28m · idea: Working angle: complete the task without breaking the gate; using 8 repo file(s), then the gate decides.
  ⠿ [11:08:21] building [qwen3.6:latest] · 375.3k tok · 58s · Σ29m · idea: Working angle: complete the task without breaking the gate; using 8 repo file(s), then the gate decides.
  ⠿ [11:08:29] building [qwen3.6:latest] · 375.6k tok · 66s · Σ29m · idea: Working angle: complete the task without breaking the gate; using 8 repo file(s), then the gate decides.
  ⠿ [11:08:37] building [qwen3.6:latest] · 375.8k tok · 74s · Σ29m · idea: Working angle: complete the task without breaking the gate; using 8 repo file(s), then the gate decides.
  ⠿ [11:08:45] building [qwen3.6:latest] · 376.1k tok · 82s · Σ29m · idea: Working angle: complete the task without breaking the gate; using 8 repo file(s), then the gate decides.
  ⠿ [11:08:53] building [qwen3.6:latest] · 376.3k tok · 90s · Σ29m · idea: Working angle: complete the task without breaking the gate; using 8 repo file(s), then the gate decides.
  ⠿ [11:09:01] building [qwen3.6:latest] · 376.5k tok · 98s · Σ29m · idea: Working angle: complete the task without breaking the gate; using 8 repo file(s), then the gate decides.
  ⠿ [11:09:09] building [qwen3.6:latest] · 376.8k tok · 106s · Σ29m · idea: Working angle: complete the task without breaking the gate; using 8 repo file(s), then the gate decides.
  ⠿ [11:09:17] building [qwen3.6:latest] · 377.1k tok · 114s · Σ29m · idea: Working angle: complete the task without breaking the gate; using 8 repo file(s), then the gate decides.
  ⠿ [11:09:25] building [qwen3.6:latest] · 377.3k tok · 122s · Σ30m · idea: Working angle: complete the task without breaking the gate; using 8 repo file(s), then the gate decides.
  ⠿ [11:09:33] building [qwen3.6:latest] · 377.6k tok · 130s · Σ30m · idea: Working angle: complete the task without breaking the gate; using 8 repo file(s), then the gate decides.
  ⠿ [11:09:41] building [qwen3.6:latest] · 377.8k tok · 138s · Σ30m · idea: Working angle: complete the task without breaking the gate; using 8 repo file(s), then the gate decides.
  ⠿ [11:09:49] building [qwen3.6:latest] · 378.1k tok · 146s · Σ30m · idea: Working angle: complete the task without breaking the gate; using 8 repo file(s), then the gate decides.
  ⠿ [11:09:57] building [qwen3.6:latest] · 378.4k tok · 154s · Σ30m · idea: Working angle: complete the task without breaking the gate; using 8 repo file(s), then the gate decides.
  ⠿ [11:10:05] building [qwen3.6:latest] · 378.6k tok · 162s · Σ30m · idea: Working angle: complete the task without breaking the gate; using 8 repo file(s), then the gate decides.
  ⠿ [11:10:13] building [qwen3.6:latest] · 378.9k tok · 170s · Σ30m · idea: Working angle: complete the task without breaking the gate; using 8 repo file(s), then the gate decides.
  ⠿ [11:10:21] building [qwen3.6:latest] · 379.1k tok · 178s · Σ31m · idea: Working angle: complete the task without breaking the gate; using 8 repo file(s), then the gate decides.
  ⠿ [11:10:29] building [qwen3.6:latest] · 379.3k tok · 186s · Σ31m · idea: Working angle: complete the task without breaking the gate; using 8 repo file(s), then the gate decides.
  ⠿ [11:10:37] building [qwen3.6:latest] · 379.6k tok · 194s · Σ31m · idea: Working angle: complete the task without breaking the gate; using 8 repo file(s), then the gate decides.
  ⠿ [11:10:45] building [qwen3.6:latest] · 379.8k tok · 202s · Σ31m · idea: Working angle: complete the task without breaking the gate; using 8 repo file(s), then the gate decides.
  ⠿ [11:10:53] building [qwen3.6:latest] · 380.0k tok · 210s · Σ31m · idea: Working angle: complete the task without breaking the gate; using 8 repo file(s), then the gate decides.
  ⠿ [11:11:01] building [qwen3.6:latest] · 380.3k tok · 218s · Σ31m · idea: Working angle: complete the task without breaking the gate; using 8 repo file(s), then the gate decides.
  ○ no edits parsed — no SEARCH/REPLACE markers found (6103 tok)
     reply starts: "I need to analyze the current state of the code and identify
what's mi"
  — attempt 2/6 · qwen3.6:latest —
  ⠿ [11:11:09] building [qwen3.6:latest] · 380.5k tok · 1s · Σ31m · idea: Working angle: complete the task without breaking the gate; using 8 repo file(s), then the gate decides.
  ⠿ [11:11:17] building [qwen3.6:latest] · 380.6k tok · 9s · Σ32m · idea: Working angle: complete the task without breaking the gate; using 8 repo file(s), then the gate decides.
  ⠿ [11:11:25] building [qwen3.6:latest] · 380.8k tok · 17s · Σ32m · idea: Working angle: complete the task without breaking the gate; using 8 repo file(s), then the gate decides.
  ⠿ [11:11:33] building [qwen3.6:latest] · 381.0k tok · 25s · Σ32m · idea: Working angle: complete the task without breaking the gate; using 8 repo file(s), then the gate decides.
  ● edits: script.js(exact) · verify exit 0 · 14196 tok
  ✔ committed 97a3f50
▶ 6.6 Complete R6: Handles decimal point input correctly.  (17/30 · 408528 tok ·
61m)
  ○ gate verdict reused — tree unchanged since last run
  ○ gate green + artifacts exist — auditing implementation
  skills: design-principles
  — attempt 1/6 · qwen3.6:latest —
  ⠿ [11:11:41] building [qwen3.6:latest] · 408.5k tok · 2s · Σ32m · idea: Working angle: complete the task without breaking the gate; using 8 repo file(s), then the gate decides.
  ⠿ [11:11:49] building [qwen3.6:latest] · 408.5k tok · 10s · Σ32m · idea: Working angle: complete the task without breaking the gate; using 8 repo file(s), then the gate decides.
  ⠿ [11:11:57] building [qwen3.6:latest] · 408.5k tok · 18s · Σ32m · idea: Working angle: complete the task without breaking the gate; using 8 repo file(s), then the gate decides.
  ⠿ [11:12:05] building [qwen3.6:latest] · 408.5k tok · 26s · Σ32m · idea: Working angle: complete the task without breaking the gate; using 8 repo file(s), then the gate decides.
  ⠿ [11:12:13] building [qwen3.6:latest] · 408.5k tok · 34s · Σ32m · idea: Working angle: complete the task without breaking the gate; using 8 repo file(s), then the gate decides.
  ⠿ [11:12:21] building [qwen3.6:latest] · 408.5k tok · 42s · Σ33m · idea: Working angle: complete the task without breaking the gate; using 8 repo file(s), then the gate decides.
  ⠿ [11:12:29] building [qwen3.6:latest] · 408.7k tok · 50s · Σ33m · idea: Working angle: complete the task without breaking the gate; using 8 repo file(s), then the gate decides.
  ⠿ [11:12:37] building [qwen3.6:latest] · 408.9k tok · 58s · Σ33m · idea: Working angle: complete the task without breaking the gate; using 8 repo file(s), then the gate decides.
  ⠿ [11:12:45] building [qwen3.6:latest] · 409.1k tok · 66s · Σ33m · idea: Working angle: complete the task without breaking the gate; using 8 repo file(s), then the gate decides.
  ⠿ [11:12:53] building [qwen3.6:latest] · 409.3k tok · 74s · Σ33m · idea: Working angle: complete the task without breaking the gate; using 8 repo file(s), then the gate decides.
  ⠿ [11:13:01] building [qwen3.6:latest] · 409.5k tok · 82s · Σ33m · idea: Working angle: complete the task without breaking the gate; using 8 repo file(s), then the gate decides.
  ⠿ [11:13:09] building [qwen3.6:latest] · 409.8k tok · 90s · Σ33m · idea: Working angle: complete the task without breaking the gate; using 8 repo file(s), then the gate decides.
  ⠿ [11:13:17] building [qwen3.6:latest] · 410.0k tok · 98s · Σ34m · idea: Working angle: complete the task without breaking the gate; using 8 repo file(s), then the gate decides.
  ⠿ [11:13:25] building [qwen3.6:latest] · 410.2k tok · 106s · Σ34m · idea: Working angle: complete the task without breaking the gate; using 8 repo file(s), then the gate decides.
  ⠿ [11:13:33] building [qwen3.6:latest] · 410.4k tok · 114s · Σ34m · idea: Working angle: complete the task without breaking the gate; using 8 repo file(s), then the gate decides.
  ⠿ [11:13:41] building [qwen3.6:latest] · 410.7k tok · 122s · Σ34m · idea: Working angle: complete the task without breaking the gate; using 8 repo file(s), then the gate decides.
  ⠿ [11:13:49] building [qwen3.6:latest] · 410.9k tok · 130s · Σ34m · idea: Working angle: complete the task without breaking the gate; using 8 repo file(s), then the gate decides.
  ⠿ [11:13:57] building [qwen3.6:latest] · 411.1k tok · 138s · Σ34m · idea: Working angle: complete the task without breaking the gate; using 8 repo file(s), then the gate decides.
  ⠿ [11:14:05] building [qwen3.6:latest] · 411.3k tok · 146s · Σ34m · idea: Working angle: complete the task without breaking the gate; using 8 repo file(s), then the gate decides.
  ⠿ [11:14:13] verifying [gate] · 411.4k tok · 1s · Σ34m · idea: Working angle: complete the task without breaking the gate; using 8 repo file(s), then the gate decides.
  ● edits: index.html(fuzzy) · verify exit 0 · 16453 tok
  ✔ committed a55f8b5
▶ 6.7 Complete R7: Calculates percentages correctly.  (18/30 · 424981 tok · 63m)
  ○ gate verdict reused — tree unchanged since last run
  ○ gate green + artifacts exist — auditing implementation
  skills: design-principles
  — attempt 1/6 · qwen3.6:latest —
  ⠿ [11:14:21] building [qwen3.6:latest] · 425.0k tok · 7s · Σ35m · idea: Working angle: complete the task without breaking the gate; using 8 repo file(s), then the gate decides.
  ⠿ [11:14:29] building [qwen3.6:latest] · 425.0k tok · 15s · Σ35m · idea: Working angle: complete the task without breaking the gate; using 8 repo file(s), then the gate decides.
  ⠿ [11:14:37] building [qwen3.6:latest] · 425.0k tok · 23s · Σ35m · idea: Working angle: complete the task without breaking the gate; using 8 repo file(s), then the gate decides.
  ⠿ [11:14:45] building [qwen3.6:latest] · 425.0k tok · 31s · Σ35m · idea: Working angle: complete the task without breaking the gate; using 8 repo file(s), then the gate decides.
  ⠿ [11:14:53] building [qwen3.6:latest] · 425.0k tok · 39s · Σ35m · idea: Working angle: complete the task without breaking the gate; using 8 repo file(s), then the gate decides.
  ⠿ [11:15:01] building [qwen3.6:latest] · 425.1k tok · 47s · Σ35m · idea: Working angle: complete the task without breaking the gate; using 8 repo file(s), then the gate decides.
  ⠿ [11:15:09] building [qwen3.6:latest] · 425.3k tok · 55s · Σ35m · idea: Working angle: complete the task without breaking the gate; using 8 repo file(s), then the gate decides.
  ⠿ [11:15:17] building [qwen3.6:latest] · 425.5k tok · 63s · Σ36m · idea: Working angle: complete the task without breaking the gate; using 8 repo file(s), then the gate decides.
  ⠿ [11:15:25] building [qwen3.6:latest] · 425.7k tok · 71s · Σ36m · idea: Working angle: complete the task without breaking the gate; using 8 repo file(s), then the gate decides.
  ⠿ [11:15:33] building [qwen3.6:latest] · 425.9k tok · 79s · Σ36m · idea: Working angle: complete the task without breaking the gate; using 8 repo file(s), then the gate decides.
  ⠿ [11:15:41] building [qwen3.6:latest] · 426.1k tok · 87s · Σ36m · idea: Working angle: complete the task without breaking the gate; using 8 repo file(s), then the gate decides.
  ⠿ [11:15:50] building [qwen3.6:latest] · 426.3k tok · 95s · Σ36m · idea: Working angle: complete the task without breaking the gate; using 8 repo file(s), then the gate decides.
  ⠿ [11:15:58] building [qwen3.6:latest] · 426.5k tok · 103s · Σ36m · idea: Working angle: complete the task without breaking the gate; using 8 repo file(s), then the gate decides.
  ⠿ [11:16:06] building [qwen3.6:latest] · 426.8k tok · 111s · Σ36m · idea: Working angle: complete the task without breaking the gate; using 8 repo file(s), then the gate decides.
  ⠿ [11:16:14] building [qwen3.6:latest] · 427.0k tok · 119s · Σ36m · idea: Working angle: complete the task without breaking the gate; using 8 repo file(s), then the gate decides.
  ⠿ [11:16:22] building [qwen3.6:latest] · 427.2k tok · 127s · Σ37m · idea: Working angle: complete the task without breaking the gate; using 8 repo file(s), then the gate decides.
  ⠿ [11:16:30] building [qwen3.6:latest] · 427.4k tok · 135s · Σ37m · idea: Working angle: complete the task without breaking the gate; using 8 repo file(s), then the gate decides.
  ⠿ [11:16:38] building [qwen3.6:latest] · 427.6k tok · 143s · Σ37m · idea: Working angle: complete the task without breaking the gate; using 8 repo file(s), then the gate decides.
  ⠿ [11:16:46] building [qwen3.6:latest] · 427.8k tok · 151s · Σ37m · idea: Working angle: complete the task without breaking the gate; using 8 repo file(s), then the gate decides.
  ⠿ [11:16:54] building [qwen3.6:latest] · 428.0k tok · 159s · Σ37m · idea: Working angle: complete the task without breaking the gate; using 8 repo file(s), then the gate decides.
  ⠿ [11:17:02] building [qwen3.6:latest] · 428.2k tok · 167s · Σ37m · idea: Working angle: complete the task without breaking the gate; using 8 repo file(s), then the gate decides.
  ⠿ [11:17:10] building [qwen3.6:latest] · 428.4k tok · 175s · Σ37m · idea: Working angle: complete the task without breaking the gate; using 8 repo file(s), then the gate decides.
  ⠿ [11:17:18] building [qwen3.6:latest] · 428.6k tok · 183s · Σ38m · idea: Working angle: complete the task without breaking the gate; using 8 repo file(s), then the gate decides.
  ⠿ [11:17:26] building [qwen3.6:latest] · 428.8k tok · 191s · Σ38m · idea: Working angle: complete the task without breaking the gate; using 8 repo file(s), then the gate decides.
  ⠿ [11:17:34] building [qwen3.6:latest] · 429.1k tok · 199s · Σ38m · idea: Working angle: complete the task without breaking the gate; using 8 repo file(s), then the gate decides.
  ⠿ [11:17:42] building [qwen3.6:latest] · 429.3k tok · 207s · Σ38m · idea: Working angle: complete the task without breaking the gate; using 8 repo file(s), then the gate decides.
  ⠿ [11:17:50] building [qwen3.6:latest] · 429.5k tok · 215s · Σ38m · idea: Working angle: complete the task without breaking the gate; using 8 repo file(s), then the gate decides.
  ⠿ [11:17:58] building [qwen3.6:latest] · 429.7k tok · 223s · Σ38m · idea: Working angle: complete the task without breaking the gate; using 8 repo file(s), then the gate decides.
  ⠿ [11:18:06] building [qwen3.6:latest] · 429.9k tok · 231s · Σ38m · idea: Working angle: complete the task without breaking the gate; using 8 repo file(s), then the gate decides.
  ⠿ [11:18:14] building [qwen3.6:latest] · 430.1k tok · 239s · Σ38m · idea: Working angle: complete the task without breaking the gate; using 8 repo file(s), then the gate decides.
  ⠿ [11:18:22] building [qwen3.6:latest] · 430.3k tok · 247s · Σ39m · idea: Working angle: complete the task without breaking the gate; using 8 repo file(s), then the gate decides.
  ⠿ [11:18:30] building [qwen3.6:latest] · 430.5k tok · 255s · Σ39m · idea: Working angle: complete the task without breaking the gate; using 8 repo file(s), then the gate decides.
  ⠿ [11:18:38] building [qwen3.6:latest] · 430.6k tok · 263s · Σ39m · idea: Working angle: complete the task without breaking the gate; using 8 repo file(s), then the gate decides.
  ⠿ [11:18:46] building [qwen3.6:latest] · 430.8k tok · 271s · Σ39m · idea: Working angle: complete the task without breaking the gate; using 8 repo file(s), then the gate decides.
  ⠿ [11:18:54] building [qwen3.6:latest] · 431.0k tok · 279s · Σ39m · idea: Working angle: complete the task without breaking the gate; using 8 repo file(s), then the gate decides.
  ⠿ [11:19:02] building [qwen3.6:latest] · 431.2k tok · 287s · Σ39m · idea: Working angle: complete the task without breaking the gate; using 8 repo file(s), then the gate decides.
  ⠿ [11:19:10] building [qwen3.6:latest] · 431.4k tok · 295s · Σ39m · idea: Working angle: complete the task without breaking the gate; using 8 repo file(s), then the gate decides.
  ⠿ [11:19:18] building [qwen3.6:latest] · 431.6k tok · 303s · Σ40m · idea: Working angle: complete the task without breaking the gate; using 8 repo file(s), then the gate decides.
  ⠿ [11:19:26] building [qwen3.6:latest] · 431.8k tok · 311s · Σ40m · idea: Working angle: complete the task without breaking the gate; using 8 repo file(s), then the gate decides.
  ○ no edits parsed — reply hit token cap mid-block (8192 tok)
     reply starts: 'I need to implement R7: Calculates percentages correctly. 
Looking at t'
  — attempt 2/6 · qwen3.6:latest —
  ⠿ [11:19:34] building [qwen3.6:latest] · 431.9k tok · 3s · Σ40m · idea: Working angle: complete the task without breaking the gate; using 8 repo file(s), then the gate decides.
  ⠿ [11:19:42] building [qwen3.6:latest] · 431.9k tok · 11s · Σ40m · idea: Working angle: complete the task without breaking the gate; using 8 repo file(s), then the gate decides.
  ⠿ [11:19:50] building [qwen3.6:latest] · 431.9k tok · 19s · Σ40m · idea: Working angle: complete the task without breaking the gate; using 8 repo file(s), then the gate decides.
  ⠿ [11:19:58] building [qwen3.6:latest] · 431.9k tok · 27s · Σ40m · idea: Working angle: complete the task without breaking the gate; using 8 repo file(s), then the gate decides.
  ⠿ [11:20:06] building [qwen3.6:latest] · 431.9k tok · 35s · Σ40m · idea: Working angle: complete the task without breaking the gate; using 8 repo file(s), then the gate decides.
  ⠿ [11:20:14] building [qwen3.6:latest] · 432.1k tok · 43s · Σ40m · idea: Working angle: complete the task without breaking the gate; using 8 repo file(s), then the gate decides.
  ● edits: script.js(exact) · verify exit 0 · 12134 tok
  ✔ committed f31c430
▶ 6.8 Complete R8: Flips the sign of the current operand or result (+/-).  
(19/30 · 458581 tok · 69m)
  ○ gate verdict reused — tree unchanged since last run
  ○ gate green + artifacts exist — auditing implementation
  skills: design-principles
  — attempt 1/6 · qwen3.6:latest —
  ⠿ [11:20:22] building [qwen3.6:latest] · 458.6k tok · 5s · Σ41m · idea: Working angle: complete the task without breaking the gate; using 8 repo file(s), then the gate decides.
  ⠿ [11:20:30] building [qwen3.6:latest] · 458.6k tok · 13s · Σ41m · idea: Working angle: complete the task without breaking the gate; using 8 repo file(s), then the gate decides.
  ⠿ [11:20:38] building [qwen3.6:latest] · 458.6k tok · 21s · Σ41m · idea: Working angle: complete the task without breaking the gate; using 8 repo file(s), then the gate decides.
  ⠿ [11:20:46] building [qwen3.6:latest] · 458.6k tok · 29s · Σ41m · idea: Working angle: complete the task without breaking the gate; using 8 repo file(s), then the gate decides.
  ⠿ [11:20:54] building [qwen3.6:latest] · 458.6k tok · 37s · Σ41m · idea: Working angle: complete the task without breaking the gate; using 8 repo file(s), then the gate decides.
  ⠿ [11:21:02] building [qwen3.6:latest] · 458.7k tok · 45s · Σ41m · idea: Working angle: complete the task without breaking the gate; using 8 repo file(s), then the gate decides.
  ⠿ [11:21:10] building [qwen3.6:latest] · 458.9k tok · 53s · Σ41m · idea: Working angle: complete the task without breaking the gate; using 8 repo file(s), then the gate decides.
  ⠿ [11:21:18] building [qwen3.6:latest] · 459.1k tok · 61s · Σ42m · idea: Working angle: complete the task without breaking the gate; using 8 repo file(s), then the gate decides.
  ⠿ [11:21:26] building [qwen3.6:latest] · 459.3k tok · 69s · Σ42m · idea: Working angle: complete the task without breaking the gate; using 8 repo file(s), then the gate decides.
  ⠿ [11:21:34] building [qwen3.6:latest] · 459.5k tok · 77s · Σ42m · idea: Working angle: complete the task without breaking the gate; using 8 repo file(s), then the gate decides.
  ⠿ [11:21:42] building [qwen3.6:latest] · 459.7k tok · 85s · Σ42m · idea: Working angle: complete the task without breaking the gate; using 8 repo file(s), then the gate decides.
  ⠿ [11:21:50] building [qwen3.6:latest] · 459.9k tok · 93s · Σ42m · idea: Working angle: complete the task without breaking the gate; using 8 repo file(s), then the gate decides.
  ⠿ [11:21:58] building [qwen3.6:latest] · 460.1k tok · 101s · Σ42m · idea: Working angle: complete the task without breaking the gate; using 8 repo file(s), then the gate decides.
  ⠿ [11:22:06] building [qwen3.6:latest] · 460.3k tok · 109s · Σ42m · idea: Working angle: complete the task without breaking the gate; using 8 repo file(s), then the gate decides.
  ⠿ [11:22:14] building [qwen3.6:latest] · 460.4k tok · 117s · Σ42m · idea: Working angle: complete the task without breaking the gate; using 8 repo file(s), then the gate decides.
  ⠿ [11:22:22] building [qwen3.6:latest] · 460.6k tok · 125s · Σ43m · idea: Working angle: complete the task without breaking the gate; using 8 repo file(s), then the gate decides.
  ⠿ [11:22:30] building [qwen3.6:latest] · 460.8k tok · 133s · Σ43m · idea: Working angle: complete the task without breaking the gate; using 8 repo file(s), then the gate decides.
  ⠿ [11:22:38] building [qwen3.6:latest] · 461.0k tok · 142s · Σ43m · idea: Working angle: complete the task without breaking the gate; using 8 repo file(s), then the gate decides.
  ○ no edits parsed — no SEARCH/REPLACE markers found (2725 tok)
     reply starts: "I need to analyze the current state of the code and identify
what's mi"
  — attempt 2/6 · qwen3.6:latest —
  ⠿ [11:22:47] building [qwen3.6:latest] · 461.0k tok · 8s · Σ43m · idea: Working angle: complete the task without breaking the gate; using 8 repo file(s), then the gate decides.
  ⠿ [11:22:55] building [qwen3.6:latest] · 461.2k tok · 16s · Σ43m · idea: Working angle: complete the task without breaking the gate; using 8 repo file(s), then the gate decides.
  ⠿ [11:23:03] building [qwen3.6:latest] · 461.4k tok · 24s · Σ43m · idea: Working angle: complete the task without breaking the gate; using 8 repo file(s), then the gate decides.
  ⠿ [11:23:11] building [qwen3.6:latest] · 461.6k tok · 32s · Σ43m · idea: Working angle: complete the task without breaking the gate; using 8 repo file(s), then the gate decides.
  ⠿ [11:23:19] building [qwen3.6:latest] · 461.8k tok · 40s · Σ44m · idea: Working angle: complete the task without breaking the gate; using 8 repo file(s), then the gate decides.
  ● edits: index.html(exact) · verify exit 0 · 13842 tok
  ✔ committed 69f3bff
▶ 6.9 Complete R9: Removes the last character of the current input via 
backspace.  (20/30 · 487938 tok · 72m)
  ○ gate verdict reused — tree unchanged since last run
  ○ gate green + artifacts exist — auditing implementation
  skills: design-principles
  — attempt 1/6 · qwen3.6:latest —
  ⠿ [11:23:27] building [qwen3.6:latest] · 487.9k tok · 5s · Σ44m · idea: Working angle: complete the task without breaking the gate; using 8 repo file(s), then the gate decides.
  ⠿ [11:23:35] building [qwen3.6:latest] · 487.9k tok · 13s · Σ44m · idea: Working angle: complete the task without breaking the gate; using 8 repo file(s), then the gate decides.
  ⠿ [11:23:43] building [qwen3.6:latest] · 487.9k tok · 21s · Σ44m · idea: Working angle: complete the task without breaking the gate; using 8 repo file(s), then the gate decides.
  ⠿ [11:23:51] building [qwen3.6:latest] · 487.9k tok · 29s · Σ44m · idea: Working angle: complete the task without breaking the gate; using 8 repo file(s), then the gate decides.
  ⠿ [11:23:59] building [qwen3.6:latest] · 487.9k tok · 37s · Σ44m · idea: Working angle: complete the task without breaking the gate; using 8 repo file(s), then the gate decides.
  ⠿ [11:24:07] building [qwen3.6:latest] · 487.9k tok · 45s · Σ44m · idea: Working angle: complete the task without breaking the gate; using 8 repo file(s), then the gate decides.
  ⠿ [11:24:15] building [qwen3.6:latest] · 488.1k tok · 53s · Σ44m · idea: Working angle: complete the task without breaking the gate; using 8 repo file(s), then the gate decides.
  ● edits: script.js(exact) · verify exit 0 · 13221 tok
  ✔ committed c000741
▶ 6.10 Complete R10: Displays a visible history panel listing previous 
calculations.  (21/30 · 501159 tok · 73m)
  ○ gate verdict reused — tree unchanged since last run
  ○ gate green + artifacts exist — auditing implementation
  skills: design-principles
  — attempt 1/6 · qwen3.6:latest —
  ⠿ [11:24:23] building [qwen3.6:latest] · 501.2k tok · 6s · Σ45m · idea: Working angle: complete the task without breaking the gate; using 8 repo file(s), then the gate decides.
  ⠿ [11:24:31] building [qwen3.6:latest] · 501.2k tok · 14s · Σ45m · idea: Working angle: complete the task without breaking the gate; using 8 repo file(s), then the gate decides.
  ⠿ [11:24:39] building [qwen3.6:latest] · 501.2k tok · 22s · Σ45m · idea: Working angle: complete the task without breaking the gate; using 8 repo file(s), then the gate decides.
  ⠿ [11:24:47] building [qwen3.6:latest] · 501.2k tok · 30s · Σ45m · idea: Working angle: complete the task without breaking the gate; using 8 repo file(s), then the gate decides.
  ⠿ [11:24:55] building [qwen3.6:latest] · 501.2k tok · 38s · Σ45m · idea: Working angle: complete the task without breaking the gate; using 8 repo file(s), then the gate decides.
  ⠿ [11:25:03] building [qwen3.6:latest] · 501.2k tok · 46s · Σ45m · idea: Working angle: complete the task without breaking the gate; using 8 repo file(s), then the gate decides.
  ⠿ [11:25:11] building [qwen3.6:latest] · 501.4k tok · 54s · Σ45m · idea: Working angle: complete the task without breaking the gate; using 8 repo file(s), then the gate decides.
  ⠿ [11:25:19] building [qwen3.6:latest] · 501.6k tok · 62s · Σ46m · idea: Working angle: complete the task without breaking the gate; using 8 repo file(s), then the gate decides.
  ⠿ [11:25:27] building [qwen3.6:latest] · 501.8k tok · 70s · Σ46m · idea: Working angle: complete the task without breaking the gate; using 8 repo file(s), then the gate decides.
  ⠿ [11:25:35] building [qwen3.6:latest] · 502.0k tok · 78s · Σ46m · idea: Working angle: complete the task without breaking the gate; using 8 repo file(s), then the gate decides.
  ⠿ [11:25:43] building [qwen3.6:latest] · 502.2k tok · 86s · Σ46m · idea: Working angle: complete the task without breaking the gate; using 8 repo file(s), then the gate decides.
  ⠿ [11:25:51] building [qwen3.6:latest] · 502.4k tok · 94s · Σ46m · idea: Working angle: complete the task without breaking the gate; using 8 repo file(s), then the gate decides.
  ⠿ [11:25:59] building [qwen3.6:latest] · 502.6k tok · 102s · Σ46m · idea: Working angle: complete the task without breaking the gate; using 8 repo file(s), then the gate decides.
  ⠿ [11:26:07] building [qwen3.6:latest] · 502.8k tok · 110s · Σ46m · idea: Working angle: complete the task without breaking the gate; using 8 repo file(s), then the gate decides.
  ○ no edits parsed — no SEARCH/REPLACE markers found (2021 tok)
     reply starts: "I need to analyze the current state of the files and 
identify what's m"
  — attempt 2/6 · qwen3.6:latest —
  ⠿ [11:26:15] building [qwen3.6:latest] · 503.0k tok · 0s · Σ46m · idea: Working angle: complete the task without breaking the gate; using 8 repo file(s), then the gate decides.
  ⠿ [11:26:23] building [qwen3.6:latest] · 503.0k tok · 8s · Σ47m · idea: Working angle: complete the task without breaking the gate; using 8 repo file(s), then the gate decides.
  ⠿ [11:26:31] building [qwen3.6:latest] · 503.2k tok · 16s · Σ47m · idea: Working angle: complete the task without breaking the gate; using 8 repo file(s), then the gate decides.
  ⠿ [11:26:39] building [qwen3.6:latest] · 503.5k tok · 24s · Σ47m · idea: Working angle: complete the task without breaking the gate; using 8 repo file(s), then the gate decides.
  ⠿ [11:26:47] building [qwen3.6:latest] · 503.7k tok · 32s · Σ47m · idea: Working angle: complete the task without breaking the gate; using 8 repo file(s), then the gate decides.
  ⠿ [11:26:55] building [qwen3.6:latest] · 503.9k tok · 40s · Σ47m · idea: Working angle: complete the task without breaking the gate; using 8 repo file(s), then the gate decides.
  ⠿ [11:27:03] building [qwen3.6:latest] · 504.1k tok · 48s · Σ47m · idea: Working angle: complete the task without breaking the gate; using 8 repo file(s), then the gate decides.
  ⠿ [11:27:11] building [qwen3.6:latest] · 504.3k tok · 56s · Σ47m · idea: Working angle: complete the task without breaking the gate; using 8 repo file(s), then the gate decides.
  ⠿ [11:27:19] building [qwen3.6:latest] · 504.5k tok · 64s · Σ48m · idea: Working angle: complete the task without breaking the gate; using 8 repo file(s), then the gate decides.
  ⠿ [11:27:27] building [qwen3.6:latest] · 504.7k tok · 72s · Σ48m · idea: Working angle: complete the task without breaking the gate; using 8 repo file(s), then the gate decides.
  ⠿ [11:27:35] building [qwen3.6:latest] · 504.9k tok · 80s · Σ48m · idea: Working angle: complete the task without breaking the gate; using 8 repo file(s), then the gate decides.
  ⠿ [11:27:43] building [qwen3.6:latest] · 505.0k tok · 88s · Σ48m · idea: Working angle: complete the task without breaking the gate; using 8 repo file(s), then the gate decides.
  ⠿ [11:27:51] building [qwen3.6:latest] · 505.2k tok · 96s · Σ48m · idea: Working angle: complete the task without breaking the gate; using 8 repo file(s), then the gate decides.
  ⠿ [11:28:00] building [qwen3.6:latest] · 505.4k tok · 104s · Σ48m · idea: Working angle: complete the task without breaking the gate; using 8 repo file(s), then the gate decides.
  ⠿ [11:28:08] building [qwen3.6:latest] · 505.6k tok · 112s · Σ48m · idea: Working angle: complete the task without breaking the gate; using 8 repo file(s), then the gate decides.
  ⠿ [11:28:16] building [qwen3.6:latest] · 505.8k tok · 120s · Σ48m · idea: Working angle: complete the task without breaking the gate; using 8 repo file(s), then the gate decides.
  ⠿ [11:28:24] building [qwen3.6:latest] · 506.0k tok · 128s · Σ49m · idea: Working angle: complete the task without breaking the gate; using 8 repo file(s), then the gate decides.
  ⠿ [11:28:32] building [qwen3.6:latest] · 506.2k tok · 136s · Σ49m · idea: Working angle: complete the task without breaking the gate; using 8 repo file(s), then the gate decides.
  ⠿ [11:28:40] building [qwen3.6:latest] · 506.3k tok · 144s · Σ49m · idea: Working angle: complete the task without breaking the gate; using 8 repo file(s), then the gate decides.
  ● edits: style.css(exact) · verify exit 0 · 16816 tok
  ✔ committed ffe6c77
▶ 6.11 Complete R11: Allows clicking history items to recall their results into 
the m  (22/30 · 532907 tok · 78m)
  ○ gate verdict reused — tree unchanged since last run
  ○ gate green + artifacts exist — auditing implementation
  skills: design-principles
  — attempt 1/6 · qwen3.6:latest —
  ⠿ [11:28:48] building [qwen3.6:latest] · 532.9k tok · 4s · Σ49m · idea: Working angle: complete the task without breaking the gate; using 8 repo file(s), then the gate decides.
  ⠿ [11:28:56] building [qwen3.6:latest] · 532.9k tok · 12s · Σ49m · idea: Working angle: complete the task without breaking the gate; using 8 repo file(s), then the gate decides.
  ⠿ [11:29:04] building [qwen3.6:latest] · 532.9k tok · 20s · Σ49m · idea: Working angle: complete the task without breaking the gate; using 8 repo file(s), then the gate decides.
  ⠿ [11:29:12] building [qwen3.6:latest] · 532.9k tok · 28s · Σ49m · idea: Working angle: complete the task without breaking the gate; using 8 repo file(s), then the gate decides.
  ⠿ [11:29:20] building [qwen3.6:latest] · 532.9k tok · 36s · Σ50m · idea: Working angle: complete the task without breaking the gate; using 8 repo file(s), then the gate decides.
  ⠿ [11:29:28] building [qwen3.6:latest] · 532.9k tok · 44s · Σ50m · idea: Working angle: complete the task without breaking the gate; using 8 repo file(s), then the gate decides.
  ⠿ [11:29:36] building [qwen3.6:latest] · 533.1k tok · 52s · Σ50m · idea: Working angle: complete the task without breaking the gate; using 8 repo file(s), then the gate decides.
  ⠿ [11:29:44] building [qwen3.6:latest] · 533.3k tok · 60s · Σ50m · idea: Working angle: complete the task without breaking the gate; using 8 repo file(s), then the gate decides.
  ⠿ [11:29:52] building [qwen3.6:latest] · 533.5k tok · 68s · Σ50m · idea: Working angle: complete the task without breaking the gate; using 8 repo file(s), then the gate decides.
  ⠿ [11:30:00] building [qwen3.6:latest] · 533.7k tok · 76s · Σ50m · idea: Working angle: complete the task without breaking the gate; using 8 repo file(s), then the gate decides.
  ⠿ [11:30:08] building [qwen3.6:latest] · 533.9k tok · 84s · Σ50m · idea: Working angle: complete the task without breaking the gate; using 8 repo file(s), then the gate decides.
  ⠿ [11:30:16] building [qwen3.6:latest] · 534.1k tok · 92s · Σ50m · idea: Working angle: complete the task without breaking the gate; using 8 repo file(s), then the gate decides.
  ⠿ [11:30:24] building [qwen3.6:latest] · 534.3k tok · 100s · Σ51m · idea: Working angle: complete the task without breaking the gate; using 8 repo file(s), then the gate decides.
  ⠿ [11:30:32] building [qwen3.6:latest] · 534.5k tok · 108s · Σ51m · idea: Working angle: complete the task without breaking the gate; using 8 repo file(s), then the gate decides.
  ⠿ [11:30:40] building [qwen3.6:latest] · 534.6k tok · 116s · Σ51m · idea: Working angle: complete the task without breaking the gate; using 8 repo file(s), then the gate decides.
  ⠿ [11:30:48] building [qwen3.6:latest] · 534.9k tok · 124s · Σ51m · idea: Working angle: complete the task without breaking the gate; using 8 repo file(s), then the gate decides.
  ⠿ [11:30:56] building [qwen3.6:latest] · 535.0k tok · 132s · Σ51m · idea: Working angle: complete the task without breaking the gate; using 8 repo file(s), then the gate decides.
  ⠿ [11:31:04] building [qwen3.6:latest] · 535.2k tok · 140s · Σ51m · idea: Working angle: complete the task without breaking the gate; using 8 repo file(s), then the gate decides.
  ⠿ [11:31:12] building [qwen3.6:latest] · 535.4k tok · 148s · Σ51m · idea: Working angle: complete the task without breaking the gate; using 8 repo file(s), then the gate decides.
  ⠿ [11:31:20] building [qwen3.6:latest] · 535.6k tok · 156s · Σ52m · idea: Working angle: complete the task without breaking the gate; using 8 repo file(s), then the gate decides.
  ⠿ [11:31:28] building [qwen3.6:latest] · 535.8k tok · 164s · Σ52m · idea: Working angle: complete the task without breaking the gate; using 8 repo file(s), then the gate decides.
  ⠿ [11:31:36] building [qwen3.6:latest] · 536.0k tok · 172s · Σ52m · idea: Working angle: complete the task without breaking the gate; using 8 repo file(s), then the gate decides.
  ⠿ [11:31:44] building [qwen3.6:latest] · 536.2k tok · 181s · Σ52m · idea: Working angle: complete the task without breaking the gate; using 8 repo file(s), then the gate decides.
  ⠿ [11:31:52] building [qwen3.6:latest] · 536.4k tok · 189s · Σ52m · idea: Working angle: complete the task without breaking the gate; using 8 repo file(s), then the gate decides.
  ⠿ [11:32:00] building [qwen3.6:latest] · 536.5k tok · 197s · Σ52m · idea: Working angle: complete the task without breaking the gate; using 8 repo file(s), then the gate decides.
  ⠿ [11:32:08] building [qwen3.6:latest] · 536.8k tok · 205s · Σ52m · idea: Working angle: complete the task without breaking the gate; using 8 repo file(s), then the gate decides.
  ⠿ [11:32:16] building [qwen3.6:latest] · 536.9k tok · 213s · Σ52m · idea: Working angle: complete the task without breaking the gate; using 8 repo file(s), then the gate decides.
  ⠿ [11:32:24] building [qwen3.6:latest] · 537.1k tok · 221s · Σ53m · idea: Working angle: complete the task without breaking the gate; using 8 repo file(s), then the gate decides.
  ⠿ [11:32:32] building [qwen3.6:latest] · 537.3k tok · 229s · Σ53m · idea: Working angle: complete the task without breaking the gate; using 8 repo file(s), then the gate decides.
  ⠿ [11:32:40] building [qwen3.6:latest] · 537.5k tok · 237s · Σ53m · idea: Working angle: complete the task without breaking the gate; using 8 repo file(s), then the gate decides.
  ⠿ [11:32:48] building [qwen3.6:latest] · 537.7k tok · 245s · Σ53m · idea: Working angle: complete the task without breaking the gate; using 8 repo file(s), then the gate decides.
  ⠿ [11:32:56] building [qwen3.6:latest] · 537.9k tok · 253s · Σ53m · idea: Working angle: complete the task without breaking the gate; using 8 repo file(s), then the gate decides.
  ⠿ [11:33:04] building [qwen3.6:latest] · 538.1k tok · 261s · Σ53m · idea: Working angle: complete the task without breaking the gate; using 8 repo file(s), then the gate decides.
  ⠿ [11:33:12] building [qwen3.6:latest] · 538.2k tok · 269s · Σ53m · idea: Working angle: complete the task without breaking the gate; using 8 repo file(s), then the gate decides.
  ⠿ [11:33:20] building [qwen3.6:latest] · 538.4k tok · 277s · Σ54m · idea: Working angle: complete the task without breaking the gate; using 8 repo file(s), then the gate decides.
  ⠿ [11:33:28] building [qwen3.6:latest] · 538.6k tok · 285s · Σ54m · idea: Working angle: complete the task without breaking the gate; using 8 repo file(s), then the gate decides.
  ⠿ [11:33:36] building [qwen3.6:latest] · 538.8k tok · 293s · Σ54m · idea: Working angle: complete the task without breaking the gate; using 8 repo file(s), then the gate decides.
  ⠿ [11:33:44] building [qwen3.6:latest] · 539.0k tok · 301s · Σ54m · idea: Working angle: complete the task without breaking the gate; using 8 repo file(s), then the gate decides.
  ⠿ [11:33:52] building [qwen3.6:latest] · 539.2k tok · 309s · Σ54m · idea: Working angle: complete the task without breaking the gate; using 8 repo file(s), then the gate decides.
  ⠿ [11:34:00] building [qwen3.6:latest] · 539.3k tok · 317s · Σ54m · idea: Working angle: complete the task without breaking the gate; using 8 repo file(s), then the gate decides.
  ⠿ [11:34:08] building [qwen3.6:latest] · 539.5k tok · 325s · Σ54m · idea: Working angle: complete the task without breaking the gate; using 8 repo file(s), then the gate decides.
  ⠿ [11:34:16] building [qwen3.6:latest] · 539.7k tok · 333s · Σ54m · idea: Working angle: complete the task without breaking the gate; using 8 repo file(s), then the gate decides.
  ○ no edits parsed — reply hit token cap mid-block (8192 tok)
     reply starts: "I need to analyze the current state of the code and identify
what's mi"
  — attempt 2/6 · qwen3.6:latest —
  ⠿ [11:34:24] building [qwen3.6:latest] · 539.7k tok · 7s · Σ55m · idea: Working angle: complete the task without breaking the gate; using 8 repo file(s), then the gate decides.
  ⠿ [11:34:33] building [qwen3.6:latest] · 539.7k tok · 15s · Σ55m · idea: Working angle: complete the task without breaking the gate; using 8 repo file(s), then the gate decides.
  ⠿ [11:34:41] building [qwen3.6:latest] · 539.7k tok · 23s · Σ55m · idea: Working angle: complete the task without breaking the gate; using 8 repo file(s), then the gate decides.
  ⠿ [11:34:49] building [qwen3.6:latest] · 539.7k tok · 31s · Σ55m · idea: Working angle: complete the task without breaking the gate; using 8 repo file(s), then the gate decides.
  ⠿ [11:34:57] building [qwen3.6:latest] · 539.8k tok · 39s · Σ55m · idea: Working angle: complete the task without breaking the gate; using 8 repo file(s), then the gate decides.
  ⠿ [11:35:05] building [qwen3.6:latest] · 539.9k tok · 47s · Σ55m · idea: Working angle: complete the task without breaking the gate; using 8 repo file(s), then the gate decides.
  ⠿ [11:35:13] building [qwen3.6:latest] · 540.1k tok · 55s · Σ55m · idea: Working angle: complete the task without breaking the gate; using 8 repo file(s), then the gate decides.
  ○ gate verdict reused — tree unchanged since last run
  ● edits: none · verify exit 0 · 12442 tok
  ○ 1 block(s) didn't apply
  ○ gate was already green and no edit landed — not accepting as done
  — attempt 3/6 · qwen3.6:latest —
  ⠿ [11:35:21] building [qwen3.6:latest] · 540.2k tok · 4s · Σ56m · idea: Working angle: complete the task without breaking the gate; using 8 repo file(s), then the gate decides.
  ⠿ [11:35:29] building [qwen3.6:latest] · 540.4k tok · 12s · Σ56m · idea: Working angle: complete the task without breaking the gate; using 8 repo file(s), then the gate decides.
  ● edits: index.html(exact) · verify exit 0 · 12313 tok
  ✔ committed 6fe7418
▶ 6.12 Complete R12: Supports full keyboard entry for numbers, operators, Enter 
(equa  (23/30 · 578746 tok · 85m)
  ○ gate verdict reused — tree unchanged since last run
  ○ gate green + artifacts exist — auditing implementation
  skills: design-principles
  — attempt 1/6 · qwen3.6:latest —
  ⠿ [11:35:37] building [qwen3.6:latest] · 578.7k tok · 5s · Σ56m · idea: Working angle: complete the task without breaking the gate; using 8 repo file(s), then the gate decides.
  ⠿ [11:35:45] building [qwen3.6:latest] · 578.7k tok · 13s · Σ56m · idea: Working angle: complete the task without breaking the gate; using 8 repo file(s), then the gate decides.
  ⠿ [11:35:53] building [qwen3.6:latest] · 578.7k tok · 21s · Σ56m · idea: Working angle: complete the task without breaking the gate; using 8 repo file(s), then the gate decides.
  ⠿ [11:36:01] building [qwen3.6:latest] · 578.7k tok · 29s · Σ56m · idea: Working angle: complete the task without breaking the gate; using 8 repo file(s), then the gate decides.
  ⠿ [11:36:09] building [qwen3.6:latest] · 578.7k tok · 37s · Σ56m · idea: Working angle: complete the task without breaking the gate; using 8 repo file(s), then the gate decides.
  ⠿ [11:36:17] building [qwen3.6:latest] · 578.8k tok · 45s · Σ57m · idea: Working angle: complete the task without breaking the gate; using 8 repo file(s), then the gate decides.
  ⠿ [11:36:25] building [qwen3.6:latest] · 579.0k tok · 53s · Σ57m · idea: Working angle: complete the task without breaking the gate; using 8 repo file(s), then the gate decides.
  ⠿ [11:36:33] building [qwen3.6:latest] · 579.2k tok · 61s · Σ57m · idea: Working angle: complete the task without breaking the gate; using 8 repo file(s), then the gate decides.
  ⠿ [11:36:41] building [qwen3.6:latest] · 579.4k tok · 69s · Σ57m · idea: Working angle: complete the task without breaking the gate; using 8 repo file(s), then the gate decides.
  ⠿ [11:36:49] building [qwen3.6:latest] · 579.6k tok · 77s · Σ57m · idea: Working angle: complete the task without breaking the gate; using 8 repo file(s), then the gate decides.
  ⠿ [11:36:57] building [qwen3.6:latest] · 579.8k tok · 85s · Σ57m · idea: Working angle: complete the task without breaking the gate; using 8 repo file(s), then the gate decides.
  ⠿ [11:37:05] building [qwen3.6:latest] · 580.0k tok · 93s · Σ57m · idea: Working angle: complete the task without breaking the gate; using 8 repo file(s), then the gate decides.
  ⠿ [11:37:13] building [qwen3.6:latest] · 580.3k tok · 101s · Σ57m · idea: Working angle: complete the task without breaking the gate; using 8 repo file(s), then the gate decides.
  ⠿ [11:37:21] building [qwen3.6:latest] · 580.5k tok · 109s · Σ58m · idea: Working angle: complete the task without breaking the gate; using 8 repo file(s), then the gate decides.
  ⠿ [11:37:29] building [qwen3.6:latest] · 580.7k tok · 117s · Σ58m · idea: Working angle: complete the task without breaking the gate; using 8 repo file(s), then the gate decides.
  ⠿ [11:37:37] building [qwen3.6:latest] · 580.9k tok · 125s · Σ58m · idea: Working angle: complete the task without breaking the gate; using 8 repo file(s), then the gate decides.
  ⠿ [11:37:45] building [qwen3.6:latest] · 581.1k tok · 133s · Σ58m · idea: Working angle: complete the task without breaking the gate; using 8 repo file(s), then the gate decides.
  ○ no edits parsed — no SEARCH/REPLACE markers found (2799 tok)
     reply starts: 'I need to audit the current state of the files and implement
R12 (full'
  — attempt 2/6 · qwen3.6:latest —
  ⠿ [11:37:53] building [qwen3.6:latest] · 581.2k tok · 5s · Σ58m · idea: Working angle: complete the task without breaking the gate; using 8 repo file(s), then the gate decides.
  ⠿ [11:38:01] building [qwen3.6:latest] · 581.4k tok · 13s · Σ58m · idea: Working angle: complete the task without breaking the gate; using 8 repo file(s), then the gate decides.
  ⠿ [11:38:09] building [qwen3.6:latest] · 581.5k tok · 21s · Σ58m · idea: Working angle: complete the task without breaking the gate; using 8 repo file(s), then the gate decides.
  ⠿ [11:38:17] building [qwen3.6:latest] · 581.7k tok · 29s · Σ59m · idea: Working angle: complete the task without breaking the gate; using 8 repo file(s), then the gate decides.
  ⠿ [11:38:25] building [qwen3.6:latest] · 581.8k tok · 37s · Σ59m · idea: Working angle: complete the task without breaking the gate; using 8 repo file(s), then the gate decides.
  ⠿ [11:38:33] building [qwen3.6:latest] · 581.9k tok · 45s · Σ59m · idea: Working angle: complete the task without breaking the gate; using 8 repo file(s), then the gate decides.
  ● edits: script.js(exact) · verify exit 0 · 14042 tok
  ✔ committed 269eabd
▶ 6.13 Complete R13: Supports mouse/touch click interaction on all calculator 
keys.  (24/30 · 608651 tok · 88m)
  ○ gate verdict reused — tree unchanged since last run
  ○ gate green + artifacts exist — auditing implementation
  skills: design-principles
  — attempt 1/6 · qwen3.6:latest —
  ⠿ [11:38:41] building [qwen3.6:latest] · 608.7k tok · 3s · Σ59m · idea: Working angle: complete the task without breaking the gate; using 8 repo file(s), then the gate decides.
  ⠿ [11:38:50] building [qwen3.6:latest] · 608.7k tok · 11s · Σ59m · idea: Working angle: complete the task without breaking the gate; using 8 repo file(s), then the gate decides.
  ⠿ [11:38:58] building [qwen3.6:latest] · 608.7k tok · 19s · Σ59m · idea: Working angle: complete the task without breaking the gate; using 8 repo file(s), then the gate decides.
  ⠿ [11:39:06] building [qwen3.6:latest] · 608.7k tok · 27s · Σ59m · idea: Working angle: complete the task without breaking the gate; using 8 repo file(s), then the gate decides.
  ⠿ [11:39:14] building [qwen3.6:latest] · 608.7k tok · 36s · Σ59m · idea: Working angle: complete the task without breaking the gate; using 8 repo file(s), then the gate decides.
  ⠿ [11:39:22] building [qwen3.6:latest] · 608.7k tok · 44s · Σ60m · idea: Working angle: complete the task without breaking the gate; using 8 repo file(s), then the gate decides.
  ⠿ [11:39:30] building [qwen3.6:latest] · 608.7k tok · 52s · Σ60m · idea: Working angle: complete the task without breaking the gate; using 8 repo file(s), then the gate decides.
  ⠿ [11:39:38] building [qwen3.6:latest] · 608.9k tok · 60s · Σ60m · idea: Working angle: complete the task without breaking the gate; using 8 repo file(s), then the gate decides.
  ⠿ [11:39:46] building [qwen3.6:latest] · 609.0k tok · 68s · Σ60m · idea: Working angle: complete the task without breaking the gate; using 8 repo file(s), then the gate decides.
  ⠿ [11:39:54] building [qwen3.6:latest] · 609.3k tok · 76s · Σ60m · idea: Working angle: complete the task without breaking the gate; using 8 repo file(s), then the gate decides.
  ⠿ [11:40:02] building [qwen3.6:latest] · 609.5k tok · 84s · Σ60m · idea: Working angle: complete the task without breaking the gate; using 8 repo file(s), then the gate decides.
  ⠿ [11:40:10] building [qwen3.6:latest] · 609.7k tok · 92s · Σ60m · idea: Working angle: complete the task without breaking the gate; using 8 repo file(s), then the gate decides.
  ⠿ [11:40:18] building [qwen3.6:latest] · 610.0k tok · 100s · Σ61m · idea: Working angle: complete the task without breaking the gate; using 8 repo file(s), then the gate decides.
  ⠿ [11:40:26] building [qwen3.6:latest] · 610.2k tok · 108s · Σ61m · idea: Working angle: complete the task without breaking the gate; using 8 repo file(s), then the gate decides.
  ⠿ [11:40:34] building [qwen3.6:latest] · 610.4k tok · 116s · Σ61m · idea: Working angle: complete the task without breaking the gate; using 8 repo file(s), then the gate decides.
  ⠿ [11:40:42] building [qwen3.6:latest] · 610.5k tok · 124s · Σ61m · idea: Working angle: complete the task without breaking the gate; using 8 repo file(s), then the gate decides.
  ⠿ [11:40:50] building [qwen3.6:latest] · 610.7k tok · 132s · Σ61m · idea: Working angle: complete the task without breaking the gate; using 8 repo file(s), then the gate decides.
  ○ no edits parsed — no SEARCH/REPLACE markers found (2270 tok)
     reply starts: "I need to analyze the current state of the files and 
identify what's m"
  — attempt 2/6 · qwen3.6:latest —
  ⠿ [11:40:58] building [qwen3.6:latest] · 610.8k tok · 3s · Σ61m · idea: Working angle: complete the task without breaking the gate; using 8 repo file(s), then the gate decides.
  ⠿ [11:41:06] building [qwen3.6:latest] · 610.9k tok · 11s · Σ61m · idea: Working angle: complete the task without breaking the gate; using 8 repo file(s), then the gate decides.
  ⠿ [11:41:14] building [qwen3.6:latest] · 611.1k tok · 19s · Σ61m · idea: Working angle: complete the task without breaking the gate; using 8 repo file(s), then the gate decides.
  ⠿ [11:41:22] building [qwen3.6:latest] · 611.3k tok · 27s · Σ62m · idea: Working angle: complete the task without breaking the gate; using 8 repo file(s), then the gate decides.
  ○ no edits parsed — no SEARCH/REPLACE markers found (652 tok)
     reply starts: "I need to analyze the current state of the files and 
identify what's m"
  — attempt 3/6 · qwen3.6:latest —
  ⠿ [11:41:30] building [qwen3.6:latest] · 611.4k tok · 2s · Σ62m · idea: Working angle: complete the task without breaking the gate; using 8 repo file(s), then the gate decides.
  ⠿ [11:41:38] building [qwen3.6:latest] · 611.6k tok · 10s · Σ62m · idea: Working angle: complete the task without breaking the gate; using 8 repo file(s), then the gate decides.
  ⠿ [11:41:46] building [qwen3.6:latest] · 611.8k tok · 18s · Σ62m · idea: Working angle: complete the task without breaking the gate; using 8 repo file(s), then the gate decides.
  ⠿ [11:41:54] building [qwen3.6:latest] · 612.0k tok · 26s · Σ62m · idea: Working angle: complete the task without breaking the gate; using 8 repo file(s), then the gate decides.
  ⠿ [11:42:02] building [qwen3.6:latest] · 612.1k tok · 34s · Σ62m · idea: Working angle: complete the task without breaking the gate; using 8 repo file(s), then the gate decides.
  ⠿ [11:42:10] building [qwen3.6:latest] · 612.3k tok · 42s · Σ62m · idea: Working angle: complete the task without breaking the gate; using 8 repo file(s), then the gate decides.
  ⠿ [11:42:19] building [qwen3.6:latest] · 612.5k tok · 50s · Σ63m · idea: Working angle: complete the task without breaking the gate; using 8 repo file(s), then the gate decides.
  ⠿ [11:42:27] building [qwen3.6:latest] · 612.7k tok · 58s · Σ63m · idea: Working angle: complete the task without breaking the gate; using 8 repo file(s), then the gate decides.
  ⠿ [11:42:35] building [qwen3.6:latest] · 612.9k tok · 66s · Σ63m · idea: Working angle: complete the task without breaking the gate; using 8 repo file(s), then the gate decides.
  ⠿ [11:42:43] building [qwen3.6:latest] · 613.1k tok · 74s · Σ63m · idea: Working angle: complete the task without breaking the gate; using 8 repo file(s), then the gate decides.
  ⠿ [11:42:51] building [qwen3.6:latest] · 613.4k tok · 82s · Σ63m · idea: Working angle: complete the task without breaking the gate; using 8 repo file(s), then the gate decides.
  ⠿ [11:42:59] building [qwen3.6:latest] · 613.5k tok · 90s · Σ63m · idea: Working angle: complete the task without breaking the gate; using 8 repo file(s), then the gate decides.
  ⠿ [11:43:07] building [qwen3.6:latest] · 613.7k tok · 98s · Σ63m · idea: Working angle: complete the task without breaking the gate; using 8 repo file(s), then the gate decides.
  ⠿ [11:43:15] building [qwen3.6:latest] · 613.9k tok · 106s · Σ63m · idea: Working angle: complete the task without breaking the gate; using 8 repo file(s), then the gate decides.
  ○ no edits parsed — no SEARCH/REPLACE markers found (2731 tok)
     reply starts: "I need to analyze the current state of the files and 
identify what's m"
  ⇥ 3 unparseable replies in a row — stopping this lane early
  ✗ budget exhausted — checkpoint saved
  ⟲ returned to the task's clean checkpoint
  ⇑ escalating to qwen3.6:27b
  ○ gate verdict reused — tree unchanged since last run
  ○ gate green + artifacts exist — auditing implementation
  skills: design-principles
  — attempt 1/4 · qwen3.6:27b —
  ⠿ [11:43:23] building [qwen3.6:27b] · 613.9k tok · 4s · Σ64m · idea: Working angle: complete the task without breaking the gate; using 8 repo file(s), then the gate decides.
  ⠿ [11:43:31] building [qwen3.6:27b] · 613.9k tok · 12s · Σ64m · idea: Working angle: complete the task without breaking the gate; using 8 repo file(s), then the gate decides.
  ⠿ [11:43:39] building [qwen3.6:27b] · 613.9k tok · 20s · Σ64m · idea: Working angle: complete the task without breaking the gate; using 8 repo file(s), then the gate decides.
  ⠿ [11:43:47] building [qwen3.6:27b] · 613.9k tok · 28s · Σ64m · idea: Working angle: complete the task without breaking the gate; using 8 repo file(s), then the gate decides.
  ⠿ [11:43:55] building [qwen3.6:27b] · 613.9k tok · 36s · Σ64m · idea: Working angle: complete the task without breaking the gate; using 8 repo file(s), then the gate decides.
  ⠿ [11:44:03] building [qwen3.6:27b] · 613.9k tok · 44s · Σ64m · idea: Working angle: complete the task without breaking the gate; using 8 repo file(s), then the gate decides.
  ⠿ [11:44:11] building [qwen3.6:27b] · 613.9k tok · 52s · Σ64m · idea: Working angle: complete the task without breaking the gate; using 8 repo file(s), then the gate decides.
  ⠿ [11:44:19] building [qwen3.6:27b] · 613.9k tok · 60s · Σ65m · idea: Working angle: complete the task without breaking the gate; using 8 repo file(s), then the gate decides.
  ⠿ [11:44:27] building [qwen3.6:27b] · 613.9k tok · 68s · Σ65m · idea: Working angle: complete the task without breaking the gate; using 8 repo file(s), then the gate decides.
  ⠿ [11:44:35] building [qwen3.6:27b] · 613.9k tok · 76s · Σ65m · idea: Working angle: complete the task without breaking the gate; using 8 repo file(s), then the gate decides.
  ⠿ [11:44:43] building [qwen3.6:27b] · 613.9k tok · 84s · Σ65m · idea: Working angle: complete the task without breaking the gate; using 8 repo file(s), then the gate decides.
  ⠿ [11:44:51] building [qwen3.6:27b] · 613.9k tok · 92s · Σ65m · idea: Working angle: complete the task without breaking the gate; using 8 repo file(s), then the gate decides.
  ⠿ [11:44:59] building [qwen3.6:27b] · 613.9k tok · 100s · Σ65m · idea: Working angle: complete the task without breaking the gate; using 8 repo file(s), then the gate decides.
  ⠿ [11:45:07] building [qwen3.6:27b] · 613.9k tok · 108s · Σ65m · idea: Working angle: complete the task without breaking the gate; using 8 repo file(s), then the gate decides.
  ⠿ [11:45:15] building [qwen3.6:27b] · 613.9k tok · 116s · Σ65m · idea: Working angle: complete the task without breaking the gate; using 8 repo file(s), then the gate decides.
  ⠿ [11:45:23] building [qwen3.6:27b] · 613.9k tok · 124s · Σ66m · idea: Working angle: complete the task without breaking the gate; using 8 repo file(s), then the gate decides.
  ⠿ [11:45:31] building [qwen3.6:27b] · 613.9k tok · 132s · Σ66m · idea: Working angle: complete the task without breaking the gate; using 8 repo file(s), then the gate decides.
  ⠿ [11:45:39] building [qwen3.6:27b] · 613.9k tok · 140s · Σ66m · idea: Working angle: complete the task without breaking the gate; using 8 repo file(s), then the gate decides.
  ⠿ [11:45:47] building [qwen3.6:27b] · 613.9k tok · 148s · Σ66m · idea: Working angle: complete the task without breaking the gate; using 8 repo file(s), then the gate decides.
  ⠿ [11:45:55] building [qwen3.6:27b] · 613.9k tok · 156s · Σ66m · idea: Working angle: complete the task without breaking the gate; using 8 repo file(s), then the gate decides.
  ⠿ [11:46:03] building [qwen3.6:27b] · 613.9k tok · 164s · Σ66m · idea: Working angle: complete the task without breaking the gate; using 8 repo file(s), then the gate decides.
  ⠿ [11:46:11] building [qwen3.6:27b] · 613.9k tok · 172s · Σ66m · idea: Working angle: complete the task without breaking the gate; using 8 repo file(s), then the gate decides.
  ⠿ [11:46:19] building [qwen3.6:27b] · 613.9k tok · 180s · Σ67m · idea: Working angle: complete the task without breaking the gate; using 8 repo file(s), then the gate decides.
  ⠿ [11:46:27] building [qwen3.6:27b] · 613.9k tok · 188s · Σ67m · idea: Working angle: complete the task without breaking the gate; using 8 repo file(s), then the gate decides.
  ⠿ [11:46:35] building [qwen3.6:27b] · 613.9k tok · 196s · Σ67m · idea: Working angle: complete the task without breaking the gate; using 8 repo file(s), then the gate decides.
  ⠿ [11:46:43] building [qwen3.6:27b] · 613.9k tok · 204s · Σ67m · idea: Working angle: complete the task without breaking the gate; using 8 repo file(s), then the gate decides.
  ⠿ [11:46:51] building [qwen3.6:27b] · 613.9k tok · 212s · Σ67m · idea: Working angle: complete the task without breaking the gate; using 8 repo file(s), then the gate decides.
  ⠿ [11:46:59] building [qwen3.6:27b] · 613.9k tok · 220s · Σ67m · idea: Working angle: complete the task without breaking the gate; using 8 repo file(s), then the gate decides.
  ⠿ [11:47:07] building [qwen3.6:27b] · 613.9k tok · 228s · Σ67m · idea: Working angle: complete the task without breaking the gate; using 8 repo file(s), then the gate decides.
  ⠿ [11:47:15] building [qwen3.6:27b] · 614.0k tok · 236s · Σ67m · idea: Working angle: complete the task without breaking the gate; using 8 repo file(s), then the gate decides.
  ⠿ [11:47:23] building [qwen3.6:27b] · 614.0k tok · 244s · Σ68m · idea: Working angle: complete the task without breaking the gate; using 8 repo file(s), then the gate decides.
  ⠿ [11:47:31] building [qwen3.6:27b] · 614.1k tok · 252s · Σ68m · idea: Working angle: complete the task without breaking the gate; using 8 repo file(s), then the gate decides.
  ⠿ [11:47:39] building [qwen3.6:27b] · 614.1k tok · 260s · Σ68m · idea: Working angle: complete the task without breaking the gate; using 8 repo file(s), then the gate decides.
  ⠿ [11:47:47] building [qwen3.6:27b] · 614.2k tok · 268s · Σ68m · idea: Working angle: complete the task without breaking the gate; using 8 repo file(s), then the gate decides.
  ⠿ [11:47:55] building [qwen3.6:27b] · 614.2k tok · 276s · Σ68m · idea: Working angle: complete the task without breaking the gate; using 8 repo file(s), then the gate decides.
  ⠿ [11:48:03] building [qwen3.6:27b] · 614.2k tok · 284s · Σ68m · idea: Working angle: complete the task without breaking the gate; using 8 repo file(s), then the gate decides.
  ⠿ [11:48:11] building [qwen3.6:27b] · 614.3k tok · 292s · Σ68m · idea: Working angle: complete the task without breaking the gate; using 8 repo file(s), then the gate decides.
  ⠿ [11:48:19] building [qwen3.6:27b] · 614.3k tok · 300s · Σ69m · idea: Working angle: complete the task without breaking the gate; using 8 repo file(s), then the gate decides.
  ⠿ [11:48:27] building [qwen3.6:27b] · 614.4k tok · 308s · Σ69m · idea: Working angle: complete the task without breaking the gate; using 8 repo file(s), then the gate decides.
  ⠿ [11:48:35] building [qwen3.6:27b] · 614.4k tok · 316s · Σ69m · idea: Working angle: complete the task without breaking the gate; using 8 repo file(s), then the gate decides.
  ⠿ [11:48:43] building [qwen3.6:27b] · 614.5k tok · 324s · Σ69m · idea: Working angle: complete the task without breaking the gate; using 8 repo file(s), then the gate decides.
  ⠿ [11:48:51] building [qwen3.6:27b] · 614.5k tok · 332s · Σ69m · idea: Working angle: complete the task without breaking the gate; using 8 repo file(s), then the gate decides.
  ⠿ [11:48:59] building [qwen3.6:27b] · 614.6k tok · 340s · Σ69m · idea: Working angle: complete the task without breaking the gate; using 8 repo file(s), then the gate decides.
  ⠿ [11:49:07] building [qwen3.6:27b] · 614.6k tok · 348s · Σ69m · idea: Working angle: complete the task without breaking the gate; using 8 repo file(s), then the gate decides.
  ⠿ [11:49:15] building [qwen3.6:27b] · 614.7k tok · 356s · Σ69m · idea: Working angle: complete the task without breaking the gate; using 8 repo file(s), then the gate decides.
  ⠿ [11:49:23] building [qwen3.6:27b] · 614.7k tok · 364s · Σ70m · idea: Working angle: complete the task without breaking the gate; using 8 repo file(s), then the gate decides.
  ⠿ [11:49:31] building [qwen3.6:27b] · 614.7k tok · 372s · Σ70m · idea: Working angle: complete the task without breaking the gate; using 8 repo file(s), then the gate decides.
  ⠿ [11:49:39] building [qwen3.6:27b] · 614.8k tok · 380s · Σ70m · idea: Working angle: complete the task without breaking the gate; using 8 repo file(s), then the gate decides.
  ⠿ [11:49:47] building [qwen3.6:27b] · 614.8k tok · 388s · Σ70m · idea: Working angle: complete the task without breaking the gate; using 8 repo file(s), then the gate decides.
  ⠿ [11:49:55] building [qwen3.6:27b] · 614.9k tok · 396s · Σ70m · idea: Working angle: complete the task without breaking the gate; using 8 repo file(s), then the gate decides.
  ○ no edits parsed — no SEARCH/REPLACE markers found (999 tok)
     reply starts: 'The task asks me to implement R13: "Supports mouse/touch 
click interac'
  — attempt 2/4 · qwen3.6:27b —
  ⠿ [11:50:03] building [qwen3.6:27b] · 614.9k tok · 4s · Σ70m · idea: Working angle: complete the task without breaking the gate; using 8 repo file(s), then the gate decides.
  ⠿ [11:50:11] building [qwen3.6:27b] · 614.9k tok · 12s · Σ70m · idea: Working angle: complete the task without breaking the gate; using 8 repo file(s), then the gate decides.
  ● audit: already implemented — nothing to do
  ⚗ distilled escalation win → .spiral/skills/learned-fixes.md
▶ 6.14 Complete R14: Shows an inline error state for division by zero while 
preservin  (25/30 · 680199 tok · 99m)
  ○ gate verdict reused — tree unchanged since last run
  ○ gate green + artifacts exist — auditing implementation
  skills: design-principles, dependency-medic
  — attempt 1/6 · qwen3.6:latest —
  ⠿ [11:50:19] building [qwen3.6:latest] · 680.2k tok · 6s · Σ71m · idea: Working angle: complete the task without breaking the gate; using 8 repo file(s), then the gate decides.
  ⠿ [11:50:28] building [qwen3.6:latest] · 680.2k tok · 14s · Σ71m · idea: Working angle: complete the task without breaking the gate; using 8 repo file(s), then the gate decides.
  ⠿ [11:50:36] building [qwen3.6:latest] · 680.2k tok · 22s · Σ71m · idea: Working angle: complete the task without breaking the gate; using 8 repo file(s), then the gate decides.
  ⠿ [11:50:44] building [qwen3.6:latest] · 680.2k tok · 30s · Σ71m · idea: Working angle: complete the task without breaking the gate; using 8 repo file(s), then the gate decides.
  ⠿ [11:50:52] building [qwen3.6:latest] · 680.2k tok · 38s · Σ71m · idea: Working angle: complete the task without breaking the gate; using 8 repo file(s), then the gate decides.
  ⠿ [11:51:00] building [qwen3.6:latest] · 680.2k tok · 46s · Σ71m · idea: Working angle: complete the task without breaking the gate; using 8 repo file(s), then the gate decides.
  ⠿ [11:51:08] building [qwen3.6:latest] · 680.2k tok · 54s · Σ71m · idea: Working angle: complete the task without breaking the gate; using 8 repo file(s), then the gate decides.
  ⠿ [11:51:16] building [qwen3.6:latest] · 680.3k tok · 62s · Σ71m · idea: Working angle: complete the task without breaking the gate; using 8 repo file(s), then the gate decides.
  ⠿ [11:51:24] building [qwen3.6:latest] · 680.5k tok · 70s · Σ72m · idea: Working angle: complete the task without breaking the gate; using 8 repo file(s), then the gate decides.
  ⠿ [11:51:32] building [qwen3.6:latest] · 680.7k tok · 78s · Σ72m · idea: Working angle: complete the task without breaking the gate; using 8 repo file(s), then the gate decides.
  ⠿ [11:51:40] building [qwen3.6:latest] · 680.9k tok · 86s · Σ72m · idea: Working angle: complete the task without breaking the gate; using 8 repo file(s), then the gate decides.
  ⠿ [11:51:48] building [qwen3.6:latest] · 681.1k tok · 94s · Σ72m · idea: Working angle: complete the task without breaking the gate; using 8 repo file(s), then the gate decides.
  ⠿ [11:51:56] building [qwen3.6:latest] · 681.4k tok · 102s · Σ72m · idea: Working angle: complete the task without breaking the gate; using 8 repo file(s), then the gate decides.
  ⠿ [11:52:04] building [qwen3.6:latest] · 681.6k tok · 110s · Σ72m · idea: Working angle: complete the task without breaking the gate; using 8 repo file(s), then the gate decides.
  ⠿ [11:52:12] building [qwen3.6:latest] · 681.8k tok · 118s · Σ72m · idea: Working angle: complete the task without breaking the gate; using 8 repo file(s), then the gate decides.
  ⠿ [11:52:20] building [qwen3.6:latest] · 682.0k tok · 126s · Σ73m · idea: Working angle: complete the task without breaking the gate; using 8 repo file(s), then the gate decides.
  ⠿ [11:52:28] building [qwen3.6:latest] · 682.2k tok · 134s · Σ73m · idea: Working angle: complete the task without breaking the gate; using 8 repo file(s), then the gate decides.
  ⠿ [11:52:36] building [qwen3.6:latest] · 682.4k tok · 143s · Σ73m · idea: Working angle: complete the task without breaking the gate; using 8 repo file(s), then the gate decides.
  ⠿ [11:52:44] building [qwen3.6:latest] · 682.6k tok · 151s · Σ73m · idea: Working angle: complete the task without breaking the gate; using 8 repo file(s), then the gate decides.
  ⠿ [11:52:52] building [qwen3.6:latest] · 682.8k tok · 159s · Σ73m · idea: Working angle: complete the task without breaking the gate; using 8 repo file(s), then the gate decides.
  ⠿ [11:53:00] building [qwen3.6:latest] · 683.1k tok · 167s · Σ73m · idea: Working angle: complete the task without breaking the gate; using 8 repo file(s), then the gate decides.
  ⠿ [11:53:08] building [qwen3.6:latest] · 683.3k tok · 175s · Σ73m · idea: Working angle: complete the task without breaking the gate; using 8 repo file(s), then the gate decides.
  ⠿ [11:53:16] building [qwen3.6:latest] · 683.5k tok · 183s · Σ73m · idea: Working angle: complete the task without breaking the gate; using 8 repo file(s), then the gate decides.
  ⠿ [11:53:24] building [qwen3.6:latest] · 683.7k tok · 191s · Σ74m · idea: Working angle: complete the task without breaking the gate; using 8 repo file(s), then the gate decides.
  ⠿ [11:53:32] building [qwen3.6:latest] · 683.9k tok · 199s · Σ74m · idea: Working angle: complete the task without breaking the gate; using 8 repo file(s), then the gate decides.
  ⠿ [11:53:40] building [qwen3.6:latest] · 684.1k tok · 207s · Σ74m · idea: Working angle: complete the task without breaking the gate; using 8 repo file(s), then the gate decides.
  ⠿ [11:53:48] building [qwen3.6:latest] · 684.3k tok · 215s · Σ74m · idea: Working angle: complete the task without breaking the gate; using 8 repo file(s), then the gate decides.
  ⠿ [11:53:56] building [qwen3.6:latest] · 684.6k tok · 223s · Σ74m · idea: Working angle: complete the task without breaking the gate; using 8 repo file(s), then the gate decides.
  ⠿ [11:54:04] building [qwen3.6:latest] · 684.8k tok · 231s · Σ74m · idea: Working angle: complete the task without breaking the gate; using 8 repo file(s), then the gate decides.
  ⠿ [11:54:12] building [qwen3.6:latest] · 685.0k tok · 239s · Σ74m · idea: Working angle: complete the task without breaking the gate; using 8 repo file(s), then the gate decides.
  ⠿ [11:54:20] building [qwen3.6:latest] · 685.2k tok · 247s · Σ75m · idea: Working angle: complete the task without breaking the gate; using 8 repo file(s), then the gate decides.
  ⠿ [11:54:28] building [qwen3.6:latest] · 685.4k tok · 255s · Σ75m · idea: Working angle: complete the task without breaking the gate; using 8 repo file(s), then the gate decides.
  ⠿ [11:54:36] building [qwen3.6:latest] · 685.7k tok · 263s · Σ75m · idea: Working angle: complete the task without breaking the gate; using 8 repo file(s), then the gate decides.
  ⠿ [11:54:44] building [qwen3.6:latest] · 685.9k tok · 271s · Σ75m · idea: Working angle: complete the task without breaking the gate; using 8 repo file(s), then the gate decides.
  ⠿ [11:54:52] building [qwen3.6:latest] · 686.1k tok · 279s · Σ75m · idea: Working angle: complete the task without breaking the gate; using 8 repo file(s), then the gate decides.
  ⠿ [11:55:00] building [qwen3.6:latest] · 686.3k tok · 287s · Σ75m · idea: Working angle: complete the task without breaking the gate; using 8 repo file(s), then the gate decides.
  ⠿ [11:55:08] building [qwen3.6:latest] · 686.5k tok · 295s · Σ75m · idea: Working angle: complete the task without breaking the gate; using 8 repo file(s), then the gate decides.
  ⠿ [11:55:16] building [qwen3.6:latest] · 686.8k tok · 303s · Σ75m · idea: Working angle: complete the task without breaking the gate; using 8 repo file(s), then the gate decides.
  ⠿ [11:55:24] building [qwen3.6:latest] · 687.0k tok · 311s · Σ76m · idea: Working angle: complete the task without breaking the gate; using 8 repo file(s), then the gate decides.
  ⠿ [11:55:32] building [qwen3.6:latest] · 687.2k tok · 319s · Σ76m · idea: Working angle: complete the task without breaking the gate; using 8 repo file(s), then the gate decides.
  ⠿ [11:55:40] building [qwen3.6:latest] · 687.4k tok · 327s · Σ76m · idea: Working angle: complete the task without breaking the gate; using 8 repo file(s), then the gate decides.
  ⠿ [11:55:48] building [qwen3.6:latest] · 687.6k tok · 335s · Σ76m · idea: Working angle: complete the task without breaking the gate; using 8 repo file(s), then the gate decides.
  ○ no edits parsed — reply hit token cap mid-block (8192 tok)
     reply starts: "I need to analyze the current state of the code and identify
what's mi"
  — attempt 2/6 · qwen3.6:latest —
  ⠿ [11:55:56] building [qwen3.6:latest] · 687.7k tok · 6s · Σ76m · idea: Working angle: complete the task without breaking the gate; using 8 repo file(s), then the gate decides.
  ⠿ [11:56:04] building [qwen3.6:latest] · 687.7k tok · 14s · Σ76m · idea: Working angle: complete the task without breaking the gate; using 8 repo file(s), then the gate decides.
  ⠿ [11:56:12] building [qwen3.6:latest] · 687.7k tok · 22s · Σ76m · idea: Working angle: complete the task without breaking the gate; using 8 repo file(s), then the gate decides.
  ⠿ [11:56:20] building [qwen3.6:latest] · 687.7k tok · 30s · Σ77m · idea: Working angle: complete the task without breaking the gate; using 8 repo file(s), then the gate decides.
  ⠿ [11:56:29] building [qwen3.6:latest] · 687.7k tok · 38s · Σ77m · idea: Working angle: complete the task without breaking the gate; using 8 repo file(s), then the gate decides.
  ⠿ [11:56:37] building [qwen3.6:latest] · 687.7k tok · 46s · Σ77m · idea: Working angle: complete the task without breaking the gate; using 8 repo file(s), then the gate decides.
  ⠿ [11:56:45] building [qwen3.6:latest] · 687.7k tok · 54s · Σ77m · idea: Working angle: complete the task without breaking the gate; using 8 repo file(s), then the gate decides.
  ⠿ [11:56:53] building [qwen3.6:latest] · 687.7k tok · 62s · Σ77m · idea: Working angle: complete the task without breaking the gate; using 8 repo file(s), then the gate decides.
  ○ gate verdict reused — tree unchanged since last run
  ● edits: none · verify exit 0 · 12365 tok
  ○ 1 block(s) didn't apply
  ○ gate was already green and no edit landed — not accepting as done
  — attempt 3/6 · qwen3.6:latest —
  ⠿ [11:57:01] building [qwen3.6:latest] · 687.9k tok · 5s · Σ77m · idea: Working angle: complete the task without breaking the gate; using 8 repo file(s), then the gate decides.
  ⠿ [11:57:09] building [qwen3.6:latest] · 688.1k tok · 13s · Σ77m · idea: Working angle: complete the task without breaking the gate; using 8 repo file(s), then the gate decides.
  ⠿ [11:57:17] building [qwen3.6:latest] · 688.3k tok · 21s · Σ77m · idea: Working angle: complete the task without breaking the gate; using 8 repo file(s), then the gate decides.
  ○ gate verdict reused — tree unchanged since last run
  ● edits: none · verify exit 0 · 12986 tok
  ○ 1 block(s) didn't apply
  ○ gate was already green and no edit landed — not accepting as done
  — attempt 4/6 · qwen3.6:latest —
  ⠿ [11:57:25] building [qwen3.6:latest] · 688.5k tok · 5s · Σ78m · idea: Working angle: complete the task without breaking the gate; using 8 repo file(s), then the gate decides.
  ⠿ [11:57:33] building [qwen3.6:latest] · 688.7k tok · 13s · Σ78m · idea: Working angle: complete the task without breaking the gate; using 8 repo file(s), then the gate decides.
  ⠿ [11:57:41] building [qwen3.6:latest] · 688.8k tok · 21s · Σ78m · idea: Working angle: complete the task without breaking the gate; using 8 repo file(s), then the gate decides.
  ○ identical reply to an earlier attempt — skipping it
  — attempt 5/6 · qwen3.6:latest —
  ○ no edits parsed — no SEARCH/REPLACE markers found (55 tok)
     reply starts: "I need to understand what's failing in the verification. Let
me first "
  — attempt 6/6 · qwen3.6:latest —
  ⠿ [11:57:49] building [qwen3.6:latest] · 688.9k tok · 1s · Σ78m · idea: Working angle: complete the task without breaking the gate; using 8 repo file(s), then the gate decides.
  ⠿ [11:57:57] building [qwen3.6:latest] · 689.1k tok · 9s · Σ78m · idea: Working angle: complete the task without breaking the gate; using 8 repo file(s), then the gate decides.
  ⠿ [11:58:05] building [qwen3.6:latest] · 689.3k tok · 17s · Σ78m · idea: Working angle: complete the task without breaking the gate; using 8 repo file(s), then the gate decides.
  ○ identical reply to an earlier attempt — skipping it
  ✗ budget exhausted — checkpoint saved
  ⟲ returned to the task's clean checkpoint
  ⇑ escalating to qwen3.6:27b
  ○ gate verdict reused — tree unchanged since last run
  ○ gate green + artifacts exist — auditing implementation
  skills: design-principles, dependency-medic
  — attempt 1/4 · qwen3.6:27b —
  ⠿ [11:58:13] building [qwen3.6:27b] · 689.5k tok · 0s · Σ78m · idea: Working angle: complete the task without breaking the gate; using 8 repo file(s), then the gate decides.
  ⠿ [11:58:21] building [qwen3.6:27b] · 689.5k tok · 8s · Σ79m · idea: Working angle: complete the task without breaking the gate; using 8 repo file(s), then the gate decides.
  ⠿ [11:58:29] building [qwen3.6:27b] · 689.5k tok · 16s · Σ79m · idea: Working angle: complete the task without breaking the gate; using 8 repo file(s), then the gate decides.
  ⠿ [11:58:37] building [qwen3.6:27b] · 689.5k tok · 24s · Σ79m · idea: Working angle: complete the task without breaking the gate; using 8 repo file(s), then the gate decides.
  ⠿ [11:58:45] building [qwen3.6:27b] · 689.5k tok · 32s · Σ79m · idea: Working angle: complete the task without breaking the gate; using 8 repo file(s), then the gate decides.
  ⠿ [11:58:53] building [qwen3.6:27b] · 689.5k tok · 40s · Σ79m · idea: Working angle: complete the task without breaking the gate; using 8 repo file(s), then the gate decides.
  ⠿ [11:59:01] building [qwen3.6:27b] · 689.5k tok · 48s · Σ79m · idea: Working angle: complete the task without breaking the gate; using 8 repo file(s), then the gate decides.
  ⠿ [11:59:09] building [qwen3.6:27b] · 689.5k tok · 56s · Σ79m · idea: Working angle: complete the task without breaking the gate; using 8 repo file(s), then the gate decides.
  ⠿ [11:59:17] building [qwen3.6:27b] · 689.5k tok · 64s · Σ79m · idea: Working angle: complete the task without breaking the gate; using 8 repo file(s), then the gate decides.
  ⠿ [11:59:25] building [qwen3.6:27b] · 689.5k tok · 72s · Σ80m · idea: Working angle: complete the task without breaking the gate; using 8 repo file(s), then the gate decides.
  ⠿ [11:59:33] building [qwen3.6:27b] · 689.5k tok · 80s · Σ80m · idea: Working angle: complete the task without breaking the gate; using 8 repo file(s), then the gate decides.
  ⠿ [11:59:41] building [qwen3.6:27b] · 689.5k tok · 88s · Σ80m · idea: Working angle: complete the task without breaking the gate; using 8 repo file(s), then the gate decides.
  ⠿ [11:59:49] building [qwen3.6:27b] · 689.5k tok · 96s · Σ80m · idea: Working angle: complete the task without breaking the gate; using 8 repo file(s), then the gate decides.
  ⠿ [11:59:57] building [qwen3.6:27b] · 689.5k tok · 104s · Σ80m · idea: Working angle: complete the task without breaking the gate; using 8 repo file(s), then the gate decides.
  ⠿ [12:00:05] building [qwen3.6:27b] · 689.5k tok · 112s · Σ80m · idea: Working angle: complete the task without breaking the gate; using 8 repo file(s), then the gate decides.
  ⠿ [12:00:13] building [qwen3.6:27b] · 689.5k tok · 120s · Σ80m · idea: Working angle: complete the task without breaking the gate; using 8 repo file(s), then the gate decides.
  ⠿ [12:00:21] building [qwen3.6:27b] · 689.5k tok · 128s · Σ81m · idea: Working angle: complete the task without breaking the gate; using 8 repo file(s), then the gate decides.
  ⠿ [12:00:29] building [qwen3.6:27b] · 689.5k tok · 136s · Σ81m · idea: Working angle: complete the task without breaking the gate; using 8 repo file(s), then the gate decides.
  ⠿ [12:00:37] building [qwen3.6:27b] · 689.5k tok · 144s · Σ81m · idea: Working angle: complete the task without breaking the gate; using 8 repo file(s), then the gate decides.
  ⠿ [12:00:45] building [qwen3.6:27b] · 689.5k tok · 152s · Σ81m · idea: Working angle: complete the task without breaking the gate; using 8 repo file(s), then the gate decides.
  ⠿ [12:00:53] building [qwen3.6:27b] · 689.5k tok · 160s · Σ81m · idea: Working angle: complete the task without breaking the gate; using 8 repo file(s), then the gate decides.
  ⠿ [12:01:01] building [qwen3.6:27b] · 689.5k tok · 168s · Σ81m · idea: Working angle: complete the task without breaking the gate; using 8 repo file(s), then the gate decides.
  ⠿ [12:01:09] building [qwen3.6:27b] · 689.5k tok · 176s · Σ81m · idea: Working angle: complete the task without breaking the gate; using 8 repo file(s), then the gate decides.
  ⠿ [12:01:17] building [qwen3.6:27b] · 689.5k tok · 184s · Σ81m · idea: Working angle: complete the task without breaking the gate; using 8 repo file(s), then the gate decides.
  ⠿ [12:01:25] building [qwen3.6:27b] · 689.5k tok · 192s · Σ82m · idea: Working angle: complete the task without breaking the gate; using 8 repo file(s), then the gate decides.
  ⠿ [12:01:33] building [qwen3.6:27b] · 689.5k tok · 200s · Σ82m · idea: Working angle: complete the task without breaking the gate; using 8 repo file(s), then the gate decides.
  ⠿ [12:01:41] building [qwen3.6:27b] · 689.5k tok · 208s · Σ82m · idea: Working angle: complete the task without breaking the gate; using 8 repo file(s), then the gate decides.
  ⠿ [12:01:49] building [qwen3.6:27b] · 689.5k tok · 216s · Σ82m · idea: Working angle: complete the task without breaking the gate; using 8 repo file(s), then the gate decides.
  ⠿ [12:01:57] building [qwen3.6:27b] · 689.6k tok · 224s · Σ82m · idea: Working angle: complete the task without breaking the gate; using 8 repo file(s), then the gate decides.
  ⠿ [12:02:05] building [qwen3.6:27b] · 689.6k tok · 232s · Σ82m · idea: Working angle: complete the task without breaking the gate; using 8 repo file(s), then the gate decides.
  ⠿ [12:02:13] building [qwen3.6:27b] · 689.6k tok · 240s · Σ82m · idea: Working angle: complete the task without breaking the gate; using 8 repo file(s), then the gate decides.
  ⠿ [12:02:21] building [qwen3.6:27b] · 689.7k tok · 248s · Σ83m · idea: Working angle: complete the task without breaking the gate; using 8 repo file(s), then the gate decides.
  ⠿ [12:02:29] building [qwen3.6:27b] · 689.7k tok · 256s · Σ83m · idea: Working angle: complete the task without breaking the gate; using 8 repo file(s), then the gate decides.
  ○ gate verdict reused — tree unchanged since last run
  ● edits: none · verify exit 0 · 14067 tok
  ○ 1 block(s) didn't apply
  ○ gate was already green and no edit landed — not accepting as done
  — attempt 2/4 · qwen3.6:27b —
  ⠿ [12:02:37] building [qwen3.6:27b] · 689.8k tok · 1s · Σ83m · idea: Working angle: complete the task without breaking the gate; using 8 repo file(s), then the gate decides.
  ⠿ [12:02:45] building [qwen3.6:27b] · 689.8k tok · 9s · Σ83m · idea: Working angle: complete the task without breaking the gate; using 8 repo file(s), then the gate decides.
  ⠿ [12:02:53] building [qwen3.6:27b] · 689.8k tok · 17s · Σ83m · idea: Working angle: complete the task without breaking the gate; using 8 repo file(s), then the gate decides.
  ○ no edits parsed — no SEARCH/REPLACE markers found (89 tok)
     reply starts: 'Looking at the task, I need to implement R14: "Shows an 
inline error s'
  — attempt 3/4 · qwen3.6:27b —
  ⠿ [12:03:01] building [qwen3.6:27b] · 689.9k tok · 2s · Σ83m · idea: Working angle: complete the task without breaking the gate; using 8 repo file(s), then the gate decides.
  ⠿ [12:03:09] building [qwen3.6:27b] · 689.9k tok · 10s · Σ83m · idea: Working angle: complete the task without breaking the gate; using 8 repo file(s), then the gate decides.
  ⠿ [12:03:17] building [qwen3.6:27b] · 689.9k tok · 18s · Σ84m · idea: Working angle: complete the task without breaking the gate; using 8 repo file(s), then the gate decides.
  ⠿ [12:03:25] building [qwen3.6:27b] · 690.0k tok · 26s · Σ84m · idea: Working angle: complete the task without breaking the gate; using 8 repo file(s), then the gate decides.
  ⠿ [12:03:33] building [qwen3.6:27b] · 690.0k tok · 34s · Σ84m · idea: Working angle: complete the task without breaking the gate; using 8 repo file(s), then the gate decides.
  ⠿ [12:03:41] building [qwen3.6:27b] · 690.1k tok · 42s · Σ84m · idea: Working angle: complete the task without breaking the gate; using 8 repo file(s), then the gate decides.
  ⠿ [12:03:49] building [qwen3.6:27b] · 690.1k tok · 50s · Σ84m · idea: Working angle: complete the task without breaking the gate; using 8 repo file(s), then the gate decides.
  ⠿ [12:03:57] building [qwen3.6:27b] · 690.1k tok · 58s · Σ84m · idea: Working angle: complete the task without breaking the gate; using 8 repo file(s), then the gate decides.
  ○ no edits parsed — no SEARCH/REPLACE markers found (327 tok)
     reply starts: 'Looking at the task: R14 requires showing an inline error 
state for di'
  — attempt 4/4 · qwen3.6:27b —
  ⠿ [12:04:05] building [qwen3.6:27b] · 690.2k tok · 7s · Σ84m · idea: Working angle: complete the task without breaking the gate; using 8 repo file(s), then the gate decides.
  ⠿ [12:04:13] building [qwen3.6:27b] · 690.2k tok · 15s · Σ84m · idea: Working angle: complete the task without breaking the gate; using 8 repo file(s), then the gate decides.
  ⠿ [12:04:21] building [qwen3.6:27b] · 690.3k tok · 23s · Σ85m · idea: Working angle: complete the task without breaking the gate; using 8 repo file(s), then the gate decides.
  ⠿ [12:04:29] building [qwen3.6:27b] · 690.3k tok · 31s · Σ85m · idea: Working angle: complete the task without breaking the gate; using 8 repo file(s), then the gate decides.
  ⠿ [12:04:37] building [qwen3.6:27b] · 690.4k tok · 39s · Σ85m · idea: Working angle: complete the task without breaking the gate; using 8 repo file(s), then the gate decides.
  ⠿ [12:04:45] building [qwen3.6:27b] · 690.4k tok · 47s · Σ85m · idea: Working angle: complete the task without breaking the gate; using 8 repo file(s), then the gate decides.
  ⠿ [12:04:53] building [qwen3.6:27b] · 690.5k tok · 55s · Σ85m · idea: Working angle: complete the task without breaking the gate; using 8 repo file(s), then the gate decides.
  ⠿ [12:05:01] building [qwen3.6:27b] · 690.5k tok · 63s · Σ85m · idea: Working angle: complete the task without breaking the gate; using 8 repo file(s), then the gate decides.
  ⠿ [12:05:09] building [qwen3.6:27b] · 690.6k tok · 71s · Σ85m · idea: Working angle: complete the task without breaking the gate; using 8 repo file(s), then the gate decides.
  ⠿ [12:05:17] building [qwen3.6:27b] · 690.6k tok · 79s · Σ86m · idea: Working angle: complete the task without breaking the gate; using 8 repo file(s), then the gate decides.
  ⠿ [12:05:25] building [qwen3.6:27b] · 690.7k tok · 87s · Σ86m · idea: Working angle: complete the task without breaking the gate; using 8 repo file(s), then the gate decides.
  ⠿ [12:05:33] building [qwen3.6:27b] · 690.7k tok · 95s · Σ86m · idea: Working angle: complete the task without breaking the gate; using 8 repo file(s), then the gate decides.
  ⠿ [12:05:41] building [qwen3.6:27b] · 690.8k tok · 103s · Σ86m · idea: Working angle: complete the task without breaking the gate; using 8 repo file(s), then the gate decides.
  ⠿ [12:05:49] building [qwen3.6:27b] · 690.8k tok · 111s · Σ86m · idea: Working angle: complete the task without breaking the gate; using 8 repo file(s), then the gate decides.
  ⠿ [12:05:57] building [qwen3.6:27b] · 690.8k tok · 119s · Σ86m · idea: Working angle: complete the task without breaking the gate; using 8 repo file(s), then the gate decides.
  ⠿ [12:06:05] building [qwen3.6:27b] · 690.9k tok · 127s · Σ86m · idea: Working angle: complete the task without breaking the gate; using 8 repo file(s), then the gate decides.
  ⠿ [12:06:13] building [qwen3.6:27b] · 690.9k tok · 135s · Σ86m · idea: Working angle: complete the task without breaking the gate; using 8 repo file(s), then the gate decides.
  ⠿ [12:06:21] building [qwen3.6:27b] · 690.9k tok · 143s · Σ87m · idea: Working angle: complete the task without breaking the gate; using 8 repo file(s), then the gate decides.
  ⠿ [12:06:29] building [qwen3.6:27b] · 691.0k tok · 151s · Σ87m · idea: Working angle: complete the task without breaking the gate; using 8 repo file(s), then the gate decides.
  ⠿ [12:06:37] building [qwen3.6:27b] · 691.0k tok · 159s · Σ87m · idea: Working angle: complete the task without breaking the gate; using 8 repo file(s), then the gate decides.
  ⠿ [12:06:45] building [qwen3.6:27b] · 691.0k tok · 167s · Σ87m · idea: Working angle: complete the task without breaking the gate; using 8 repo file(s), then the gate decides.
  ⠿ [12:06:53] building [qwen3.6:27b] · 691.1k tok · 175s · Σ87m · idea: Working angle: complete the task without breaking the gate; using 8 repo file(s), then the gate decides.
  ● edits: script.js(exact), script.js(exact) · verify exit 0 · 14941 tok
  ○ 2 block(s) didn't apply
  ✔ committed 5be7cb9
  ⚗ distilled escalation win → .spiral/skills/learned-fixes.md
▶ 6.15 Complete R15: Defines a coherent color system using CSS custom 
properties.  (26/30 · 822898 tok · 116m)
  ○ gate verdict reused — tree unchanged since last run
  ○ gate green + artifacts exist — auditing implementation
  skills: design-principles
  — attempt 1/6 · qwen3.6:latest —
  ⠿ [12:07:01] building [qwen3.6:latest] · 822.9k tok · 2s · Σ87m · idea: Working angle: complete the task without breaking the gate; using 8 repo file(s), then the gate decides.
  ⠿ [12:07:09] building [qwen3.6:latest] · 822.9k tok · 10s · Σ87m · idea: Working angle: complete the task without breaking the gate; using 8 repo file(s), then the gate decides.
  ⠿ [12:07:17] building [qwen3.6:latest] · 822.9k tok · 18s · Σ88m · idea: Working angle: complete the task without breaking the gate; using 8 repo file(s), then the gate decides.
  ⠿ [12:07:25] building [qwen3.6:latest] · 822.9k tok · 26s · Σ88m · idea: Working angle: complete the task without breaking the gate; using 8 repo file(s), then the gate decides.
  ⠿ [12:07:33] building [qwen3.6:latest] · 822.9k tok · 34s · Σ88m · idea: Working angle: complete the task without breaking the gate; using 8 repo file(s), then the gate decides.
  ⠿ [12:07:41] building [qwen3.6:latest] · 822.9k tok · 42s · Σ88m · idea: Working angle: complete the task without breaking the gate; using 8 repo file(s), then the gate decides.
  ⠿ [12:07:49] building [qwen3.6:latest] · 822.9k tok · 50s · Σ88m · idea: Working angle: complete the task without breaking the gate; using 8 repo file(s), then the gate decides.
  ⠿ [12:07:57] building [qwen3.6:latest] · 822.9k tok · 58s · Σ88m · idea: Working angle: complete the task without breaking the gate; using 8 repo file(s), then the gate decides.
  ⠿ [12:08:05] building [qwen3.6:latest] · 823.1k tok · 66s · Σ88m · idea: Working angle: complete the task without breaking the gate; using 8 repo file(s), then the gate decides.
  ⠿ [12:08:13] building [qwen3.6:latest] · 823.3k tok · 74s · Σ88m · idea: Working angle: complete the task without breaking the gate; using 8 repo file(s), then the gate decides.
  ⠿ [12:08:21] building [qwen3.6:latest] · 823.5k tok · 82s · Σ89m · idea: Working angle: complete the task without breaking the gate; using 8 repo file(s), then the gate decides.
  ○ gate verdict reused — tree unchanged since last run
  ● edits: none · verify exit 0 · 14095 tok
  ○ 1 block(s) didn't apply
  ○ gate was already green and no edit landed — not accepting as done
  — attempt 2/6 · qwen3.6:latest —
  ⠿ [12:08:29] building [qwen3.6:latest] · 823.6k tok · 3s · Σ89m · idea: Working angle: complete the task without breaking the gate; using 8 repo file(s), then the gate decides.
  ⠿ [12:08:37] building [qwen3.6:latest] · 823.8k tok · 11s · Σ89m · idea: Working angle: complete the task without breaking the gate; using 8 repo file(s), then the gate decides.
  ○ gate verdict reused — tree unchanged since last run
  ● edits: none · verify exit 0 · 13925 tok
  ○ 1 block(s) didn't apply
  ○ gate was already green and no edit landed — not accepting as done
  — attempt 3/6 · qwen3.6:latest —
  ⠿ [12:08:45] building [qwen3.6:latest] · 823.9k tok · 1s · Σ89m · idea: Working angle: complete the task without breaking the gate; using 8 repo file(s), then the gate decides.
  ⠿ [12:08:53] building [qwen3.6:latest] · 824.1k tok · 9s · Σ89m · idea: Working angle: complete the task without breaking the gate; using 8 repo file(s), then the gate decides.
  ⠿ [12:09:01] building [qwen3.6:latest] · 824.3k tok · 17s · Σ89m · idea: Working angle: complete the task without breaking the gate; using 8 repo file(s), then the gate decides.
  ⠿ [12:09:09] building [qwen3.6:latest] · 824.5k tok · 25s · Σ89m · idea: Working angle: complete the task without breaking the gate; using 8 repo file(s), then the gate decides.
  ⠿ [12:09:17] building [qwen3.6:latest] · 824.7k tok · 33s · Σ90m · idea: Working angle: complete the task without breaking the gate; using 8 repo file(s), then the gate decides.
  ○ gate verdict reused — tree unchanged since last run
  ● edits: none · verify exit 0 · 14425 tok
  ○ 1 block(s) didn't apply
  ○ gate was already green and no edit landed — not accepting as done
  — attempt 4/6 · qwen3.6:latest —
  ⠿ [12:09:25] building [qwen3.6:latest] · 824.8k tok · 2s · Σ90m · idea: Working angle: complete the task without breaking the gate; using 8 repo file(s), then the gate decides.
  ⠿ [12:09:33] building [qwen3.6:latest] · 825.0k tok · 10s · Σ90m · idea: Working angle: complete the task without breaking the gate; using 8 repo file(s), then the gate decides.
  ○ identical reply to an earlier attempt — skipping it
  — attempt 5/6 · qwen3.6:latest —
  ⠿ [12:09:41] building [qwen3.6:latest] · 825.2k tok · 3s · Σ90m · idea: Working angle: complete the task without breaking the gate; using 8 repo file(s), then the gate decides.
  ⠿ [12:09:49] building [qwen3.6:latest] · 825.2k tok · 11s · Σ90m · idea: Working angle: complete the task without breaking the gate; using 8 repo file(s), then the gate decides.
  ⠿ [12:09:57] building [qwen3.6:latest] · 825.4k tok · 19s · Σ90m · idea: Working angle: complete the task without breaking the gate; using 8 repo file(s), then the gate decides.
  ⠿ [12:10:05] building [qwen3.6:latest] · 825.6k tok · 27s · Σ90m · idea: Working angle: complete the task without breaking the gate; using 8 repo file(s), then the gate decides.
  ⠿ [12:10:13] building [qwen3.6:latest] · 825.8k tok · 35s · Σ90m · idea: Working angle: complete the task without breaking the gate; using 8 repo file(s), then the gate decides.
  ⠿ [12:10:21] building [qwen3.6:latest] · 826.0k tok · 43s · Σ91m · idea: Working angle: complete the task without breaking the gate; using 8 repo file(s), then the gate decides.
  ⠿ [12:10:29] building [qwen3.6:latest] · 826.2k tok · 51s · Σ91m · idea: Working angle: complete the task without breaking the gate; using 8 repo file(s), then the gate decides.
  ⠿ [12:10:37] building [qwen3.6:latest] · 826.4k tok · 59s · Σ91m · idea: Working angle: complete the task without breaking the gate; using 8 repo file(s), then the gate decides.
  ⠿ [12:10:45] building [qwen3.6:latest] · 826.5k tok · 67s · Σ91m · idea: Working angle: complete the task without breaking the gate; using 8 repo file(s), then the gate decides.
  ⠿ [12:10:53] building [qwen3.6:latest] · 826.7k tok · 75s · Σ91m · idea: Working angle: complete the task without breaking the gate; using 8 repo file(s), then the gate decides.
  ⠿ [12:11:01] building [qwen3.6:latest] · 826.9k tok · 83s · Σ91m · idea: Working angle: complete the task without breaking the gate; using 8 repo file(s), then the gate decides.
  ⠿ [12:11:09] building [qwen3.6:latest] · 827.1k tok · 91s · Σ91m · idea: Working angle: complete the task without breaking the gate; using 8 repo file(s), then the gate decides.
  ⠿ [12:11:18] building [qwen3.6:latest] · 827.3k tok · 99s · Σ92m · idea: Working angle: complete the task without breaking the gate; using 8 repo file(s), then the gate decides.
  ⠿ [12:11:26] building [qwen3.6:latest] · 827.4k tok · 107s · Σ92m · idea: Working angle: complete the task without breaking the gate; using 8 repo file(s), then the gate decides.
  ⠿ [12:11:34] building [qwen3.6:latest] · 827.6k tok · 115s · Σ92m · idea: Working angle: complete the task without breaking the gate; using 8 repo file(s), then the gate decides.
  ⠿ [12:11:42] building [qwen3.6:latest] · 827.8k tok · 123s · Σ92m · idea: Working angle: complete the task without breaking the gate; using 8 repo file(s), then the gate decides.
  ⠿ [12:11:50] building [qwen3.6:latest] · 828.0k tok · 131s · Σ92m · idea: Working angle: complete the task without breaking the gate; using 8 repo file(s), then the gate decides.
  ⠿ [12:11:58] building [qwen3.6:latest] · 828.2k tok · 139s · Σ92m · idea: Working angle: complete the task without breaking the gate; using 8 repo file(s), then the gate decides.
  ○ gate verdict reused — tree unchanged since last run
  ● edits: none · verify exit 0 · 17572 tok
  ○ 1 block(s) didn't apply
  ○ gate was already green and no edit landed — not accepting as done
  — attempt 6/6 · qwen3.6:latest —
  ⠿ [12:12:06] building [qwen3.6:latest] · 828.3k tok · 3s · Σ92m · idea: Working angle: complete the task without breaking the gate; using 8 repo file(s), then the gate decides.
  ⠿ [12:12:14] building [qwen3.6:latest] · 828.5k tok · 11s · Σ92m · idea: Working angle: complete the task without breaking the gate; using 8 repo file(s), then the gate decides.
  ⠿ [12:12:22] building [qwen3.6:latest] · 828.7k tok · 19s · Σ93m · idea: Working angle: complete the task without breaking the gate; using 8 repo file(s), then the gate decides.
  ⠿ [12:12:30] building [qwen3.6:latest] · 828.9k tok · 27s · Σ93m · idea: Working angle: complete the task without breaking the gate; using 8 repo file(s), then the gate decides.
  ⠿ [12:12:38] building [qwen3.6:latest] · 829.0k tok · 35s · Σ93m · idea: Working angle: complete the task without breaking the gate; using 8 repo file(s), then the gate decides.
  ⠿ [12:12:46] building [qwen3.6:latest] · 829.2k tok · 43s · Σ93m · idea: Working angle: complete the task without breaking the gate; using 8 repo file(s), then the gate decides.
  ⠿ [12:12:54] building [qwen3.6:latest] · 829.4k tok · 51s · Σ93m · idea: Working angle: complete the task without breaking the gate; using 8 repo file(s), then the gate decides.
  ⠿ [12:13:02] building [qwen3.6:latest] · 829.6k tok · 59s · Σ93m · idea: Working angle: complete the task without breaking the gate; using 8 repo file(s), then the gate decides.
  ⠿ [12:13:10] building [qwen3.6:latest] · 829.8k tok · 67s · Σ93m · idea: Working angle: complete the task without breaking the gate; using 8 repo file(s), then the gate decides.
  ⠿ [12:13:18] building [qwen3.6:latest] · 830.0k tok · 75s · Σ94m · idea: Working angle: complete the task without breaking the gate; using 8 repo file(s), then the gate decides.
  ⠿ [12:13:26] building [qwen3.6:latest] · 830.2k tok · 83s · Σ94m · idea: Working angle: complete the task without breaking the gate; using 8 repo file(s), then the gate decides.
  ⠿ [12:13:34] building [qwen3.6:latest] · 830.4k tok · 91s · Σ94m · idea: Working angle: complete the task without breaking the gate; using 8 repo file(s), then the gate decides.
  ⠿ [12:13:42] building [qwen3.6:latest] · 830.5k tok · 99s · Σ94m · idea: Working angle: complete the task without breaking the gate; using 8 repo file(s), then the gate decides.
  ⠿ [12:13:50] building [qwen3.6:latest] · 830.7k tok · 107s · Σ94m · idea: Working angle: complete the task without breaking the gate; using 8 repo file(s), then the gate decides.
  ⠿ [12:13:58] building [qwen3.6:latest] · 830.9k tok · 115s · Σ94m · idea: Working angle: complete the task without breaking the gate; using 8 repo file(s), then the gate decides.
  ⠿ [12:14:06] building [qwen3.6:latest] · 831.1k tok · 123s · Σ94m · idea: Working angle: complete the task without breaking the gate; using 8 repo file(s), then the gate decides.
  ⠿ [12:14:14] building [qwen3.6:latest] · 831.2k tok · 131s · Σ94m · idea: Working angle: complete the task without breaking the gate; using 8 repo file(s), then the gate decides.
  ⠿ [12:14:22] building [qwen3.6:latest] · 831.4k tok · 139s · Σ95m · idea: Working angle: complete the task without breaking the gate; using 8 repo file(s), then the gate decides.
  ○ identical reply to an earlier attempt — skipping it
  ✗ budget exhausted — checkpoint saved
  ⟲ returned to the task's clean checkpoint
  ⇑ escalating to qwen3.6:27b
  ○ gate verdict reused — tree unchanged since last run
  ○ gate green + artifacts exist — auditing implementation
  skills: design-principles
  — attempt 1/4 · qwen3.6:27b —
  ⠿ [12:14:30] building [qwen3.6:27b] · 831.5k tok · 4s · Σ95m · idea: Working angle: complete the task without breaking the gate; using 8 repo file(s), then the gate decides.
  ⠿ [12:14:38] building [qwen3.6:27b] · 831.5k tok · 12s · Σ95m · idea: Working angle: complete the task without breaking the gate; using 8 repo file(s), then the gate decides.
  ⠿ [12:14:46] building [qwen3.6:27b] · 831.5k tok · 20s · Σ95m · idea: Working angle: complete the task without breaking the gate; using 8 repo file(s), then the gate decides.
  ⠿ [12:14:54] building [qwen3.6:27b] · 831.5k tok · 28s · Σ95m · idea: Working angle: complete the task without breaking the gate; using 8 repo file(s), then the gate decides.
  ⠿ [12:15:02] building [qwen3.6:27b] · 831.5k tok · 36s · Σ95m · idea: Working angle: complete the task without breaking the gate; using 8 repo file(s), then the gate decides.
  ⠿ [12:15:10] building [qwen3.6:27b] · 831.5k tok · 44s · Σ95m · idea: Working angle: complete the task without breaking the gate; using 8 repo file(s), then the gate decides.
  ⠿ [12:15:18] building [qwen3.6:27b] · 831.5k tok · 52s · Σ96m · idea: Working angle: complete the task without breaking the gate; using 8 repo file(s), then the gate decides.
  ⠿ [12:15:26] building [qwen3.6:27b] · 831.5k tok · 60s · Σ96m · idea: Working angle: complete the task without breaking the gate; using 8 repo file(s), then the gate decides.
  ⠿ [12:15:34] building [qwen3.6:27b] · 831.5k tok · 68s · Σ96m · idea: Working angle: complete the task without breaking the gate; using 8 repo file(s), then the gate decides.
  ⠿ [12:15:42] building [qwen3.6:27b] · 831.5k tok · 76s · Σ96m · idea: Working angle: complete the task without breaking the gate; using 8 repo file(s), then the gate decides.
  ⠿ [12:15:50] building [qwen3.6:27b] · 831.5k tok · 84s · Σ96m · idea: Working angle: complete the task without breaking the gate; using 8 repo file(s), then the gate decides.
  ⠿ [12:15:58] building [qwen3.6:27b] · 831.5k tok · 92s · Σ96m · idea: Working angle: complete the task without breaking the gate; using 8 repo file(s), then the gate decides.
  ⠿ [12:16:06] building [qwen3.6:27b] · 831.5k tok · 100s · Σ96m · idea: Working angle: complete the task without breaking the gate; using 8 repo file(s), then the gate decides.
  ⠿ [12:16:14] building [qwen3.6:27b] · 831.5k tok · 108s · Σ96m · idea: Working angle: complete the task without breaking the gate; using 8 repo file(s), then the gate decides.
  ⠿ [12:16:22] building [qwen3.6:27b] · 831.5k tok · 116s · Σ97m · idea: Working angle: complete the task without breaking the gate; using 8 repo file(s), then the gate decides.
  ⠿ [12:16:30] building [qwen3.6:27b] · 831.5k tok · 124s · Σ97m · idea: Working angle: complete the task without breaking the gate; using 8 repo file(s), then the gate decides.
  ⠿ [12:16:38] building [qwen3.6:27b] · 831.5k tok · 132s · Σ97m · idea: Working angle: complete the task without breaking the gate; using 8 repo file(s), then the gate decides.
  ⠿ [12:16:46] building [qwen3.6:27b] · 831.5k tok · 140s · Σ97m · idea: Working angle: complete the task without breaking the gate; using 8 repo file(s), then the gate decides.
  ⠿ [12:16:54] building [qwen3.6:27b] · 831.5k tok · 148s · Σ97m · idea: Working angle: complete the task without breaking the gate; using 8 repo file(s), then the gate decides.
  ⠿ [12:17:02] building [qwen3.6:27b] · 831.5k tok · 156s · Σ97m · idea: Working angle: complete the task without breaking the gate; using 8 repo file(s), then the gate decides.
  ⠿ [12:17:10] building [qwen3.6:27b] · 831.5k tok · 164s · Σ97m · idea: Working angle: complete the task without breaking the gate; using 8 repo file(s), then the gate decides.
  ⠿ [12:17:18] building [qwen3.6:27b] · 831.5k tok · 172s · Σ98m · idea: Working angle: complete the task without breaking the gate; using 8 repo file(s), then the gate decides.
  ⠿ [12:17:26] building [qwen3.6:27b] · 831.5k tok · 180s · Σ98m · idea: Working angle: complete the task without breaking the gate; using 8 repo file(s), then the gate decides.
  ⠿ [12:17:34] building [qwen3.6:27b] · 831.5k tok · 188s · Σ98m · idea: Working angle: complete the task without breaking the gate; using 8 repo file(s), then the gate decides.
  ⠿ [12:17:42] building [qwen3.6:27b] · 831.5k tok · 196s · Σ98m · idea: Working angle: complete the task without breaking the gate; using 8 repo file(s), then the gate decides.
  ⠿ [12:17:50] building [qwen3.6:27b] · 831.5k tok · 204s · Σ98m · idea: Working angle: complete the task without breaking the gate; using 8 repo file(s), then the gate decides.
  ⠿ [12:17:58] building [qwen3.6:27b] · 831.5k tok · 212s · Σ98m · idea: Working angle: complete the task without breaking the gate; using 8 repo file(s), then the gate decides.
  ⠿ [12:18:06] building [qwen3.6:27b] · 831.5k tok · 220s · Σ98m · idea: Working angle: complete the task without breaking the gate; using 8 repo file(s), then the gate decides.
  ⠿ [12:18:14] building [qwen3.6:27b] · 831.5k tok · 228s · Σ98m · idea: Working angle: complete the task without breaking the gate; using 8 repo file(s), then the gate decides.
  ○ no edits parsed — no SEARCH/REPLACE markers found (58 tok)
     reply starts: 'Let me first check what the verification gate actually 
checks for R15,'
  — attempt 2/4 · qwen3.6:27b —
  ⠿ [12:18:22] building [qwen3.6:27b] · 831.5k tok · 3s · Σ99m · idea: Working angle: complete the task without breaking the gate; using 8 repo file(s), then the gate decides.
  ⠿ [12:18:30] building [qwen3.6:27b] · 831.5k tok · 11s · Σ99m · idea: Working angle: complete the task without breaking the gate; using 8 repo file(s), then the gate decides.
  ○ no edits parsed — no SEARCH/REPLACE markers found (32 tok)
     reply starts: "I need to audit what's actually in index.html since it was 
omitted fro"
  — attempt 3/4 · qwen3.6:27b —
  ⠿ [12:18:38] building [qwen3.6:27b] · 831.6k tok · 4s · Σ99m · idea: Working angle: complete the task without breaking the gate; using 8 repo file(s), then the gate decides.
  ○ no edits parsed — no SEARCH/REPLACE markers found (36 tok)
     reply starts: "I need to audit what's actually in `index.html` since it was
marked as"
  ⇥ 3 unparseable replies in a row — stopping this lane early
  ✗ budget exhausted — checkpoint saved
  ⟲ returned to the task's clean checkpoint
  ✗ blocked — reverted; continuing with the rest of the plan
▶ 6.16 Complete R16: References the defined CSS custom properties for all color 
value  (27/30 · 954420 tok · 128m)
  ○ gate verdict reused — tree unchanged since last run
  ○ gate green + artifacts exist — auditing implementation
  skills: design-principles
  — attempt 1/6 · qwen3.6:latest —
  ⠿ [12:18:46] building [qwen3.6:latest] · 954.4k tok · 5s · Σ99m · idea: Working angle: complete the task without breaking the gate; using 8 repo file(s), then the gate decides.
  ⠿ [12:18:54] building [qwen3.6:latest] · 954.4k tok · 13s · Σ99m · idea: Working angle: complete the task without breaking the gate; using 8 repo file(s), then the gate decides.
  ⠿ [12:19:02] building [qwen3.6:latest] · 954.4k tok · 21s · Σ99m · idea: Working angle: complete the task without breaking the gate; using 8 repo file(s), then the gate decides.
  ⠿ [12:19:10] building [qwen3.6:latest] · 954.4k tok · 29s · Σ99m · idea: Working angle: complete the task without breaking the gate; using 8 repo file(s), then the gate decides.
  ⠿ [12:19:18] building [qwen3.6:latest] · 954.4k tok · 37s · Σ100m · idea: Working angle: complete the task without breaking the gate; using 8 repo file(s), then the gate decides.
  ⠿ [12:19:26] building [qwen3.6:latest] · 954.4k tok · 45s · Σ100m · idea: Working angle: complete the task without breaking the gate; using 8 repo file(s), then the gate decides.
  ⠿ [12:19:34] building [qwen3.6:latest] · 954.6k tok · 53s · Σ100m · idea: Working angle: complete the task without breaking the gate; using 8 repo file(s), then the gate decides.
  ⠿ [12:19:42] building [qwen3.6:latest] · 954.9k tok · 61s · Σ100m · idea: Working angle: complete the task without breaking the gate; using 8 repo file(s), then the gate decides.
  ⠿ [12:19:50] building [qwen3.6:latest] · 955.1k tok · 69s · Σ100m · idea: Working angle: complete the task without breaking the gate; using 8 repo file(s), then the gate decides.
  ○ gate verdict reused — tree unchanged since last run
  ● edits: none · verify exit 0 · 14080 tok
  ○ 1 block(s) didn't apply
  ○ gate was already green and no edit landed — not accepting as done
  — attempt 2/6 · qwen3.6:latest —
  ⠿ [12:19:58] building [qwen3.6:latest] · 955.2k tok · 7s · Σ100m · idea: Working angle: complete the task without breaking the gate; using 8 repo file(s), then the gate decides.
  ⠿ [12:20:06] building [qwen3.6:latest] · 955.5k tok · 15s · Σ100m · idea: Working angle: complete the task without breaking the gate; using 8 repo file(s), then the gate decides.
  ⠿ [12:20:14] building [qwen3.6:latest] · 955.7k tok · 23s · Σ100m · idea: Working angle: complete the task without breaking the gate; using 8 repo file(s), then the gate decides.
  ⠿ [12:20:22] building [qwen3.6:latest] · 955.9k tok · 31s · Σ101m · idea: Working angle: complete the task without breaking the gate; using 8 repo file(s), then the gate decides.
  ⠿ [12:20:30] building [qwen3.6:latest] · 956.1k tok · 39s · Σ101m · idea: Working angle: complete the task without breaking the gate; using 8 repo file(s), then the gate decides.
  ⠿ [12:20:38] building [qwen3.6:latest] · 956.3k tok · 47s · Σ101m · idea: Working angle: complete the task without breaking the gate; using 8 repo file(s), then the gate decides.
  ⠿ [12:20:46] building [qwen3.6:latest] · 956.5k tok · 55s · Σ101m · idea: Working angle: complete the task without breaking the gate; using 8 repo file(s), then the gate decides.
  ⠿ [12:20:54] building [qwen3.6:latest] · 956.7k tok · 63s · Σ101m · idea: Working angle: complete the task without breaking the gate; using 8 repo file(s), then the gate decides.
  ⠿ [12:21:02] building [qwen3.6:latest] · 956.9k tok · 71s · Σ101m · idea: Working angle: complete the task without breaking the gate; using 8 repo file(s), then the gate decides.
  ⠿ [12:21:10] building [qwen3.6:latest] · 957.1k tok · 79s · Σ101m · idea: Working angle: complete the task without breaking the gate; using 8 repo file(s), then the gate decides.
  ⠿ [12:21:18] building [qwen3.6:latest] · 957.3k tok · 87s · Σ102m · idea: Working angle: complete the task without breaking the gate; using 8 repo file(s), then the gate decides.
  ⠿ [12:21:26] building [qwen3.6:latest] · 957.5k tok · 95s · Σ102m · idea: Working angle: complete the task without breaking the gate; using 8 repo file(s), then the gate decides.
  ⠿ [12:21:34] building [qwen3.6:latest] · 957.7k tok · 103s · Σ102m · idea: Working angle: complete the task without breaking the gate; using 8 repo file(s), then the gate decides.
  ⠿ [12:21:42] building [qwen3.6:latest] · 958.0k tok · 111s · Σ102m · idea: Working angle: complete the task without breaking the gate; using 8 repo file(s), then the gate decides.
  ⠿ [12:21:50] building [qwen3.6:latest] · 958.2k tok · 119s · Σ102m · idea: Working angle: complete the task without breaking the gate; using 8 repo file(s), then the gate decides.
  ⠿ [12:21:58] building [qwen3.6:latest] · 958.4k tok · 127s · Σ102m · idea: Working angle: complete the task without breaking the gate; using 8 repo file(s), then the gate decides.
  ○ gate verdict reused — tree unchanged since last run
  ● edits: none · verify exit 0 · 18086 tok
  ○ 1 block(s) didn't apply
  ○ gate was already green and no edit landed — not accepting as done
  — attempt 3/6 · qwen3.6:latest —
  ⠿ [12:22:06] building [qwen3.6:latest] · 958.6k tok · 0s · Σ102m · idea: Working angle: complete the task without breaking the gate; using 8 repo file(s), then the gate decides.
  ⠿ [12:22:14] building [qwen3.6:latest] · 958.7k tok · 8s · Σ102m · idea: Working angle: complete the task without breaking the gate; using 8 repo file(s), then the gate decides.
  ⠿ [12:22:22] building [qwen3.6:latest] · 958.9k tok · 16s · Σ103m · idea: Working angle: complete the task without breaking the gate; using 8 repo file(s), then the gate decides.
  ⠿ [12:22:30] building [qwen3.6:latest] · 959.1k tok · 24s · Σ103m · idea: Working angle: complete the task without breaking the gate; using 8 repo file(s), then the gate decides.
  ⠿ [12:22:38] building [qwen3.6:latest] · 959.3k tok · 32s · Σ103m · idea: Working angle: complete the task without breaking the gate; using 8 repo file(s), then the gate decides.
  ⠿ [12:22:46] building [qwen3.6:latest] · 959.6k tok · 40s · Σ103m · idea: Working angle: complete the task without breaking the gate; using 8 repo file(s), then the gate decides.
  ⠿ [12:22:54] building [qwen3.6:latest] · 959.8k tok · 48s · Σ103m · idea: Working angle: complete the task without breaking the gate; using 8 repo file(s), then the gate decides.
  ⠿ [12:23:02] building [qwen3.6:latest] · 960.0k tok · 56s · Σ103m · idea: Working angle: complete the task without breaking the gate; using 8 repo file(s), then the gate decides.
  ⠿ [12:23:10] building [qwen3.6:latest] · 960.2k tok · 64s · Σ103m · idea: Working angle: complete the task without breaking the gate; using 8 repo file(s), then the gate decides.
  ⠿ [12:23:18] building [qwen3.6:latest] · 960.4k tok · 72s · Σ104m · idea: Working angle: complete the task without breaking the gate; using 8 repo file(s), then the gate decides.
  ⠿ [12:23:26] building [qwen3.6:latest] · 960.6k tok · 80s · Σ104m · idea: Working angle: complete the task without breaking the gate; using 8 repo file(s), then the gate decides.
  ⠿ [12:23:34] building [qwen3.6:latest] · 960.8k tok · 88s · Σ104m · idea: Working angle: complete the task without breaking the gate; using 8 repo file(s), then the gate decides.
  ⠿ [12:23:42] building [qwen3.6:latest] · 961.0k tok · 96s · Σ104m · idea: Working angle: complete the task without breaking the gate; using 8 repo file(s), then the gate decides.
  ⠿ [12:23:50] building [qwen3.6:latest] · 961.2k tok · 104s · Σ104m · idea: Working angle: complete the task without breaking the gate; using 8 repo file(s), then the gate decides.
  ⠿ [12:23:58] building [qwen3.6:latest] · 961.4k tok · 112s · Σ104m · idea: Working angle: complete the task without breaking the gate; using 8 repo file(s), then the gate decides.
  ⠿ [12:24:06] building [qwen3.6:latest] · 961.6k tok · 120s · Σ104m · idea: Working angle: complete the task without breaking the gate; using 8 repo file(s), then the gate decides.
  ○ gate verdict reused — tree unchanged since last run
  ● edits: none · verify exit 0 · 17521 tok
  ○ 1 block(s) didn't apply
  ○ gate was already green and no edit landed — not accepting as done
  — attempt 4/6 · qwen3.6:latest —
  ⠿ [12:24:14] building [qwen3.6:latest] · 961.7k tok · 0s · Σ104m · idea: Working angle: complete the task without breaking the gate; using 8 repo file(s), then the gate decides.
  ⠿ [12:24:22] building [qwen3.6:latest] · 961.9k tok · 8s · Σ105m · idea: Working angle: complete the task without breaking the gate; using 8 repo file(s), then the gate decides.
  ⠿ [12:24:30] building [qwen3.6:latest] · 962.1k tok · 16s · Σ105m · idea: Working angle: complete the task without breaking the gate; using 8 repo file(s), then the gate decides.
  ⠿ [12:24:38] building [qwen3.6:latest] · 962.3k tok · 24s · Σ105m · idea: Working angle: complete the task without breaking the gate; using 8 repo file(s), then the gate decides.
  ⠿ [12:24:46] building [qwen3.6:latest] · 962.5k tok · 32s · Σ105m · idea: Working angle: complete the task without breaking the gate; using 8 repo file(s), then the gate decides.
  ⠿ [12:24:54] building [qwen3.6:latest] · 962.7k tok · 40s · Σ105m · idea: Working angle: complete the task without breaking the gate; using 8 repo file(s), then the gate decides.
  ⠿ [12:25:02] building [qwen3.6:latest] · 962.9k tok · 48s · Σ105m · idea: Working angle: complete the task without breaking the gate; using 8 repo file(s), then the gate decides.
  ⠿ [12:25:10] building [qwen3.6:latest] · 963.1k tok · 56s · Σ105m · idea: Working angle: complete the task without breaking the gate; using 8 repo file(s), then the gate decides.
  ⠿ [12:25:18] building [qwen3.6:latest] · 963.3k tok · 64s · Σ106m · idea: Working angle: complete the task without breaking the gate; using 8 repo file(s), then the gate decides.
  ⠿ [12:25:26] building [qwen3.6:latest] · 963.5k tok · 72s · Σ106m · idea: Working angle: complete the task without breaking the gate; using 8 repo file(s), then the gate decides.
  ⠿ [12:25:35] building [qwen3.6:latest] · 963.7k tok · 80s · Σ106m · idea: Working angle: complete the task without breaking the gate; using 8 repo file(s), then the gate decides.
  ⠿ [12:25:43] building [qwen3.6:latest] · 963.9k tok · 88s · Σ106m · idea: Working angle: complete the task without breaking the gate; using 8 repo file(s), then the gate decides.
  ⠿ [12:25:51] building [qwen3.6:latest] · 964.1k tok · 96s · Σ106m · idea: Working angle: complete the task without breaking the gate; using 8 repo file(s), then the gate decides.
  ⠿ [12:25:59] building [qwen3.6:latest] · 964.3k tok · 104s · Σ106m · idea: Working angle: complete the task without breaking the gate; using 8 repo file(s), then the gate decides.
  ⠿ [12:26:07] building [qwen3.6:latest] · 964.5k tok · 112s · Σ106m · idea: Working angle: complete the task without breaking the gate; using 8 repo file(s), then the gate decides.
  ⠿ [12:26:15] building [qwen3.6:latest] · 964.7k tok · 120s · Σ106m · idea: Working angle: complete the task without breaking the gate; using 8 repo file(s), then the gate decides.
  ⠿ [12:26:23] building [qwen3.6:latest] · 964.9k tok · 129s · Σ107m · idea: Working angle: complete the task without breaking the gate; using 8 repo file(s), then the gate decides.
  ○ identical reply to an earlier attempt — skipping it
  — attempt 5/6 · qwen3.6:latest —
  ⠿ [12:26:31] building [qwen3.6:latest] · 965.0k tok · 7s · Σ107m · idea: Working angle: complete the task without breaking the gate; using 8 repo file(s), then the gate decides.
  ⠿ [12:26:39] building [qwen3.6:latest] · 965.2k tok · 15s · Σ107m · idea: Working angle: complete the task without breaking the gate; using 8 repo file(s), then the gate decides.
  ⠿ [12:26:47] building [qwen3.6:latest] · 965.4k tok · 23s · Σ107m · idea: Working angle: complete the task without breaking the gate; using 8 repo file(s), then the gate decides.
  ⠿ [12:26:55] building [qwen3.6:latest] · 965.6k tok · 31s · Σ107m · idea: Working angle: complete the task without breaking the gate; using 8 repo file(s), then the gate decides.
  ⠿ [12:27:03] building [qwen3.6:latest] · 965.8k tok · 39s · Σ107m · idea: Working angle: complete the task without breaking the gate; using 8 repo file(s), then the gate decides.
  ⠿ [12:27:11] building [qwen3.6:latest] · 966.0k tok · 47s · Σ107m · idea: Working angle: complete the task without breaking the gate; using 8 repo file(s), then the gate decides.
  ⠿ [12:27:19] building [qwen3.6:latest] · 966.2k tok · 55s · Σ108m · idea: Working angle: complete the task without breaking the gate; using 8 repo file(s), then the gate decides.
  ⠿ [12:27:27] building [qwen3.6:latest] · 966.4k tok · 63s · Σ108m · idea: Working angle: complete the task without breaking the gate; using 8 repo file(s), then the gate decides.
  ⠿ [12:27:35] building [qwen3.6:latest] · 966.5k tok · 71s · Σ108m · idea: Working angle: complete the task without breaking the gate; using 8 repo file(s), then the gate decides.
  ⠿ [12:27:43] building [qwen3.6:latest] · 966.7k tok · 79s · Σ108m · idea: Working angle: complete the task without breaking the gate; using 8 repo file(s), then the gate decides.
  ⠿ [12:27:51] building [qwen3.6:latest] · 966.9k tok · 87s · Σ108m · idea: Working angle: complete the task without breaking the gate; using 8 repo file(s), then the gate decides.
  ⠿ [12:27:59] building [qwen3.6:latest] · 967.1k tok · 95s · Σ108m · idea: Working angle: complete the task without breaking the gate; using 8 repo file(s), then the gate decides.
  ⠿ [12:28:07] building [qwen3.6:latest] · 967.3k tok · 103s · Σ108m · idea: Working angle: complete the task without breaking the gate; using 8 repo file(s), then the gate decides.
  ⠿ [12:28:15] building [qwen3.6:latest] · 967.4k tok · 111s · Σ108m · idea: Working angle: complete the task without breaking the gate; using 8 repo file(s), then the gate decides.
  ⠿ [12:28:23] building [qwen3.6:latest] · 967.6k tok · 119s · Σ109m · idea: Working angle: complete the task without breaking the gate; using 8 repo file(s), then the gate decides.
  ⠿ [12:28:31] building [qwen3.6:latest] · 967.9k tok · 127s · Σ109m · idea: Working angle: complete the task without breaking the gate; using 8 repo file(s), then the gate decides.
  ⠿ [12:28:39] building [qwen3.6:latest] · 968.0k tok · 135s · Σ109m · idea: Working angle: complete the task without breaking the gate; using 8 repo file(s), then the gate decides.
  ○ identical reply to an earlier attempt — skipping it
  — attempt 6/6 · qwen3.6:latest —
  ⠿ [12:28:47] building [qwen3.6:latest] · 968.2k tok · 8s · Σ109m · idea: Working angle: complete the task without breaking the gate; using 8 repo file(s), then the gate decides.
  ⠿ [12:28:55] building [qwen3.6:latest] · 968.4k tok · 16s · Σ109m · idea: Working angle: complete the task without breaking the gate; using 8 repo file(s), then the gate decides.
  ⠿ [12:29:03] building [qwen3.6:latest] · 968.6k tok · 24s · Σ109m · idea: Working angle: complete the task without breaking the gate; using 8 repo file(s), then the gate decides.
  ⠿ [12:29:11] building [qwen3.6:latest] · 968.9k tok · 32s · Σ109m · idea: Working angle: complete the task without breaking the gate; using 8 repo file(s), then the gate decides.
  ● edits: style.css(exact) · verify exit 0 · 14406 tok
  ○ 1 block(s) didn't apply
  ✔ committed 495537d
▶ 6.17 Complete R17: Displays a visible focus ring on every interactive control 
when   (28/30 · 1053610 tok · 138m)
  ○ gate verdict reused — tree unchanged since last run
  ○ gate green + artifacts exist — auditing implementation
  skills: design-principles
  — attempt 1/6 · qwen3.6:latest —
  ⠿ [12:29:19] building [qwen3.6:latest] · 1053.6k tok · 4s · Σ110m · idea: Working angle: complete the task without breaking the gate; using 8 repo file(s), then the gate decides.
  ⠿ [12:29:27] building [qwen3.6:latest] · 1053.6k tok · 12s · Σ110m · idea: Working angle: complete the task without breaking the gate; using 8 repo file(s), then the gate decides.
  ⠿ [12:29:35] building [qwen3.6:latest] · 1053.6k tok · 20s · Σ110m · idea: Working angle: complete the task without breaking the gate; using 8 repo file(s), then the gate decides.
  ⠿ [12:29:43] building [qwen3.6:latest] · 1053.6k tok · 28s · Σ110m · idea: Working angle: complete the task without breaking the gate; using 8 repo file(s), then the gate decides.
  ⠿ [12:29:51] building [qwen3.6:latest] · 1053.6k tok · 36s · Σ110m · idea: Working angle: complete the task without breaking the gate; using 8 repo file(s), then the gate decides.
  ● audit: already implemented — nothing to do
▶ 6.18 Complete R18: Shows hover states on calculator keys.  (29/30 · 1066822 
tok · 139m)
  ○ gate verdict reused — tree unchanged since last run
  ○ gate green + artifacts exist — auditing implementation
  skills: design-principles
  — attempt 1/6 · qwen3.6:latest —
  ⠿ [12:29:59] building [qwen3.6:latest] · 1066.8k tok · 0s · Σ110m · idea: Working angle: complete the task without breaking the gate; using 8 repo file(s), then the gate decides.
  ⠿ [12:30:07] building [qwen3.6:latest] · 1066.8k tok · 8s · Σ110m · idea: Working angle: complete the task without breaking the gate; using 8 repo file(s), then the gate decides.
  ⠿ [12:30:15] building [qwen3.6:latest] · 1066.8k tok · 16s · Σ110m · idea: Working angle: complete the task without breaking the gate; using 8 repo file(s), then the gate decides.
  ⠿ [12:30:23] building [qwen3.6:latest] · 1066.8k tok · 24s · Σ111m · idea: Working angle: complete the task without breaking the gate; using 8 repo file(s), then the gate decides.
  ⠿ [12:30:31] building [qwen3.6:latest] · 1066.8k tok · 32s · Σ111m · idea: Working angle: complete the task without breaking the gate; using 8 repo file(s), then the gate decides.
  ⠿ [12:30:39] building [qwen3.6:latest] · 1066.8k tok · 40s · Σ111m · idea: Working angle: complete the task without breaking the gate; using 8 repo file(s), then the gate decides.
  ● audit: already implemented — nothing to do
▶ 6.19 Complete R33: Deliver tests as a complete library: A standalone test 
runner pa  (30/30 · 1080026 tok · 140m)
  ○ gate verdict reused — tree unchanged since last run
  ○ gate green + artifacts exist — auditing implementation
  skills: design-principles, dependency-medic
  — attempt 1/6 · qwen3.6:latest —
  ⠿ [12:30:47] building [qwen3.6:latest] · 1080.0k tok · 6s · Σ111m · idea: Working angle: complete the task without breaking the gate; using 8 repo file(s), then the gate decides.
  ⠿ [12:30:55] building [qwen3.6:latest] · 1080.0k tok · 14s · Σ111m · idea: Working angle: complete the task without breaking the gate; using 8 repo file(s), then the gate decides.
  ⠿ [12:31:03] building [qwen3.6:latest] · 1080.0k tok · 22s · Σ111m · idea: Working angle: complete the task without breaking the gate; using 8 repo file(s), then the gate decides.
  ⠿ [12:31:11] building [qwen3.6:latest] · 1080.0k tok · 30s · Σ111m · idea: Working angle: complete the task without breaking the gate; using 8 repo file(s), then the gate decides.
  ⠿ [12:31:19] building [qwen3.6:latest] · 1080.0k tok · 38s · Σ112m · idea: Working angle: complete the task without breaking the gate; using 8 repo file(s), then the gate decides.
  ⠿ [12:31:27] building [qwen3.6:latest] · 1080.2k tok · 46s · Σ112m · idea: Working angle: complete the task without breaking the gate; using 8 repo file(s), then the gate decides.
  ⠿ [12:31:35] building [qwen3.6:latest] · 1080.4k tok · 54s · Σ112m · idea: Working angle: complete the task without breaking the gate; using 8 repo file(s), then the gate decides.
  ● edits: index.html(fuzzy) · verify exit 0 · 13887 tok
  ⠿ [12:31:43] verifying [gate] · 1080.6k tok · 1s · Σ112m · PASS test.js: parse/integrity check passed · idea: Working angle: complete the task without breaking the gate; using 8 repo file(s), then the gate decides.
  ✔ committed 84ad196
■ plan complete · 28/30 tasks green · 1093913 tok · 141m
blocked tasks:
  - 6.4 Complete R4: Performs correct arithmetic for addition, subtraction, 
multiplic
  - 6.15 Complete R15: Defines a coherent color system using CSS custom 
properties.
━━ finish pass 1/4 ━━
  ● product audit green · 
/Users/edt/Desktop/spiral/bench/runs/web-calculator/.spiral/product-audit.json
━━ visual review 1 · 1 medium(s) ━━
  ⠿ [12:31:51] visual review [qwen3.6:latest] · … · 0s · Σ0m ·  file:///Users/edt/Desktop/spiral/bench/runs/web-calculator/index.html
  ⠿ [12:31:59] visual review [qwen3.6:latest] · … · 8s · Σ0m ·  file:///Users/edt/Desktop/spiral/bench/runs/web-calculator/index.html
  ⠿ [12:32:07] visual review [qwen3.6:latest] · … · 16s · Σ0m ·  file:///Users/edt/Desktop/spiral/bench/runs/web-calculator/index.html
  ⠿ [12:32:15] visual review [qwen3.6:latest] · … · 24s · Σ1m ·  file:///Users/edt/Desktop/spiral/bench/runs/web-calculator/index.html
  ⠿ [12:32:23] visual review [qwen3.6:latest] · … · 33s · Σ1m ·  file:///Users/edt/Desktop/spiral/bench/runs/web-calculator/index.html
  ⠿ [12:32:31] visual review [qwen3.6:latest] · … · 41s · Σ1m ·  file:///Users/edt/Desktop/spiral/bench/runs/web-calculator/index.html · idea: web vision reviewer: reasoning through the next decision.
  ⠿ [12:32:39] visual review [qwen3.6:latest] · … · 49s · Σ1m ·  file:///Users/edt/Desktop/spiral/bench/runs/web-calculator/index.html · idea: web vision reviewer: reasoning through the next decision.
  ⠿ [12:32:47] visual review [qwen3.6:latest] · … · 57s · Σ1m ·  file:///Users/edt/Desktop/spiral/bench/runs/web-calculator/index.html · idea: web vision reviewer: reasoning through the next decision.
  ⠿ [12:32:55] visual review [qwen3.6:latest] · … · 65s · Σ1m ·  file:///Users/edt/Desktop/spiral/bench/runs/web-calculator/index.html · idea: web vision reviewer: reasoning through the next decision.
  ⠿ [12:33:03] visual review [qwen3.6:latest] · … · 73s · Σ1m ·  file:///Users/edt/Desktop/spiral/bench/runs/web-calculator/index.html · idea: web vision reviewer: reasoning through the next decision.
  ⠿ [12:33:11] visual review [qwen3.6:latest] · … · 81s · Σ1m ·  file:///Users/edt/Desktop/spiral/bench/runs/web-calculator/index.html · idea: web vision reviewer: reasoning through the next decision.
  ⠿ [12:33:19] visual review [qwen3.6:latest] · … · 89s · Σ2m ·  file:///Users/edt/Desktop/spiral/bench/runs/web-calculator/index.html · idea: web vision reviewer: reasoning through the next decision.
  ⠿ [12:33:27] visual review [qwen3.6:latest] · … · 97s · Σ2m ·  file:///Users/edt/Desktop/spiral/bench/runs/web-calculator/index.html · idea: web vision reviewer: reasoning through the next decision.
  ⠿ [12:33:35] visual review [qwen3.6:latest] · … · 105s · Σ2m ·  file:///Users/edt/Desktop/spiral/bench/runs/web-calculator/index.html · idea: web vision reviewer: reasoning through the next decision.
  ⠿ [12:33:43] visual review [qwen3.6:latest] · … · 113s · Σ2m ·  file:///Users/edt/Desktop/spiral/bench/runs/web-calculator/index.html · idea: web vision reviewer: reasoning through the next decision.
  ⠿ [12:33:51] visual review [qwen3.6:latest] · … · 121s · Σ2m · web: writing visual verdict · idea: web vision reviewer: reasoning through the next decision.
  ● web visual revise · 5 issue(s) · 
/Users/edt/Desktop/spiral/bench/runs/web-calculator/.spiral/visual-review/202607
27-123151-web-r1/report.md
▶ V.1 polish calculator web: fix visual issue 1: major
  ○ gate verdict reused — tree unchanged since last run
  ○ remediation — gate green but requirement unmet, must edit
  skills: design-principles, dark-ui-design
  — attempt 1/3 · qwen3.6:latest —
  ⠿ [12:33:59] visual review [qwen3.6:latest] · … · 129s · Σ2m · web: writing visual verdict · idea: web vision reviewer: reasoning through the next decision.
  ⠿ [12:34:06] building [qwen3.6:latest] · … · 8s · Σ0m · idea: Working angle: complete the task without breaking the gate; using 8 repo file(s), then the gate decides.
  ⠿ [12:34:07] visual review [qwen3.6:latest] · … · 137s · Σ2m · web: writing visual verdict · idea: web vision reviewer: reasoning through the next decision.
  ⠿ [12:34:14] building [qwen3.6:latest] · … · 16s · Σ0m · idea: Working angle: complete the task without breaking the gate; using 8 repo file(s), then the gate decides.
  ⠿ [12:34:15] visual review [qwen3.6:latest] · … · 145s · Σ3m · web: writing visual verdict · idea: web vision reviewer: reasoning through the next decision.
  ⠿ [12:34:22] building [qwen3.6:latest] · … · 24s · Σ0m · idea: Working angle: complete the task without breaking the gate; using 8 repo file(s), then the gate decides.
  ⠿ [12:34:23] visual review [qwen3.6:latest] · … · 153s · Σ3m · web: writing visual verdict · idea: web vision reviewer: reasoning through the next decision.
  ⠿ [12:34:31] building [qwen3.6:latest] · … · 32s · Σ1m · idea: Working angle: complete the task without breaking the gate; using 8 repo file(s), then the gate decides.
  ⠿ [12:34:31] visual review [qwen3.6:latest] · … · 161s · Σ3m · web: writing visual verdict · idea: web vision reviewer: reasoning through the next decision.
  ⠿ [12:34:39] building [qwen3.6:latest] · 0.1k tok · 40s · Σ1m · idea: Working angle: complete the task without breaking the gate; using 8 repo file(s), then the gate decides.
  ⠿ [12:34:39] visual review [qwen3.6:latest] · … · 169s · Σ3m · web: writing visual verdict · idea: web vision reviewer: reasoning through the next decision.
  ⠿ [12:34:47] building [qwen3.6:latest] · 0.3k tok · 48s · Σ1m · idea: Working angle: complete the task without breaking the gate; using 8 repo file(s), then the gate decides.
  ⠿ [12:34:47] visual review [qwen3.6:latest] · … · 177s · Σ3m · web: writing visual verdict · idea: web vision reviewer: reasoning through the next decision.
  ⠿ [12:34:55] building [qwen3.6:latest] · 0.6k tok · 56s · Σ1m · idea: Working angle: complete the task without breaking the gate; using 8 repo file(s), then the gate decides.
  ⠿ [12:34:55] visual review [qwen3.6:latest] · … · 185s · Σ3m · web: writing visual verdict · idea: web vision reviewer: reasoning through the next decision.
  ● edits: index.html(exact) · verify exit 0 · 14137 tok
  ✔ committed ecebe4b
▶ V.2 polish calculator web: fix visual issue 2: major
  ○ gate verdict reused — tree unchanged since last run
  ○ remediation — gate green but requirement unmet, must edit
  skills: design-principles, dark-ui-design
  — attempt 1/3 · qwen3.6:latest —
  ⠿ [12:35:03] building [qwen3.6:latest] · 0.7k tok · 2s · Σ1m · idea: Working angle: complete the task without breaking the gate; using 8 repo file(s), then the gate decides.
  ⠿ [12:35:03] visual review [qwen3.6:latest] · … · 193s · Σ3m · web: writing visual verdict · idea: web vision reviewer: reasoning through the next decision.
  ⠿ [12:35:11] building [qwen3.6:latest] · 0.7k tok · 10s · Σ1m · idea: Working angle: complete the task without breaking the gate; using 8 repo file(s), then the gate decides.
  ⠿ [12:35:11] visual review [qwen3.6:latest] · … · 201s · Σ3m · web: writing visual verdict · idea: web vision reviewer: reasoning through the next decision.
  ⠿ [12:35:19] building [qwen3.6:latest] · 0.7k tok · 18s · Σ1m · idea: Working angle: complete the task without breaking the gate; using 8 repo file(s), then the gate decides.
  ⠿ [12:35:19] visual review [qwen3.6:latest] · … · 209s · Σ4m · web: writing visual verdict · idea: web vision reviewer: reasoning through the next decision.
  ⠿ [12:35:27] building [qwen3.6:latest] · 0.7k tok · 26s · Σ1m · idea: Working angle: complete the task without breaking the gate; using 8 repo file(s), then the gate decides.
  ⠿ [12:35:27] visual review [qwen3.6:latest] · … · 217s · Σ4m · web: writing visual verdict · idea: web vision reviewer: reasoning through the next decision.
  ⠿ [12:35:35] building [qwen3.6:latest] · 0.7k tok · 34s · Σ2m · idea: Working angle: complete the task without breaking the gate; using 8 repo file(s), then the gate decides.
  ⠿ [12:35:35] visual review [qwen3.6:latest] · … · 225s · Σ4m · web: writing visual verdict · idea: web vision reviewer: reasoning through the next decision.
  ⠿ [12:35:43] building [qwen3.6:latest] · 0.8k tok · 42s · Σ2m · idea: Working angle: complete the task without breaking the gate; using 8 repo file(s), then the gate decides.
  ⠿ [12:35:43] visual review [qwen3.6:latest] · … · 233s · Σ4m · web: writing visual verdict · idea: web vision reviewer: reasoning through the next decision.
  ⠿ [12:35:51] building [qwen3.6:latest] · 0.9k tok · 50s · Σ2m · idea: Working angle: complete the task without breaking the gate; using 8 repo file(s), then the gate decides.
  ⠿ [12:35:51] visual review [qwen3.6:latest] · … · 241s · Σ4m · web: writing visual verdict · idea: web vision reviewer: reasoning through the next decision.
  ⠿ [12:35:59] building [qwen3.6:latest] · 1.1k tok · 58s · Σ2m · idea: Working angle: complete the task without breaking the gate; using 8 repo file(s), then the gate decides.
  ⠿ [12:36:00] visual review [qwen3.6:latest] · … · 249s · Σ4m · web: writing visual verdict · idea: web vision reviewer: reasoning through the next decision.
  ⠿ [12:36:07] building [qwen3.6:latest] · 1.3k tok · 66s · Σ2m · idea: Working angle: complete the task without breaking the gate; using 8 repo file(s), then the gate decides.
  ⠿ [12:36:08] visual review [qwen3.6:latest] · … · 257s · Σ4m · web: writing visual verdict · idea: web vision reviewer: reasoning through the next decision.
  ● edits: index.html(exact) · verify exit 0 · 14137 tok
  ✔ committed 54b5168
▶ V.3 polish calculator web: fix visual issue 3: major
  ⠿ [12:36:15] verifying [gate] · 1.4k tok · 2s · Σ2m · PASS test.js: parse/integrity check passed · idea: Working angle: complete the task without breaking the gate; using 8 repo file(s), then the gate decides.
  ○ gate verdict reused — tree unchanged since last run
  ○ remediation — gate green but requirement unmet, must edit
  skills: design-principles, dark-ui-design
  — attempt 1/3 · qwen3.6:latest —
  ⠿ [12:36:16] visual review [qwen3.6:latest] · … · 265s · Σ5m · web: writing visual verdict · idea: web vision reviewer: reasoning through the next decision.
  ⠿ [12:36:23] building [qwen3.6:latest] · 1.4k tok · 8s · Σ2m · idea: Working angle: complete the task without breaking the gate; using 8 repo file(s), then the gate decides.
  ⠿ [12:36:24] visual review [qwen3.6:latest] · … · 273s · Σ5m · web: writing visual verdict · idea: web vision reviewer: reasoning through the next decision.
  ⠿ [12:36:31] building [qwen3.6:latest] · 1.4k tok · 16s · Σ3m · idea: Working angle: complete the task without breaking the gate; using 8 repo file(s), then the gate decides.
  ⠿ [12:36:32] visual review [qwen3.6:latest] · … · 281s · Σ5m · web: writing visual verdict · idea: web vision reviewer: reasoning through the next decision.
  ⠿ [12:36:39] building [qwen3.6:latest] · 1.4k tok · 24s · Σ3m · idea: Working angle: complete the task without breaking the gate; using 8 repo file(s), then the gate decides.
  ⠿ [12:36:40] visual review [qwen3.6:latest] · … · 289s · Σ5m · web: writing visual verdict · idea: web vision reviewer: reasoning through the next decision.
  ⠿ [12:36:47] building [qwen3.6:latest] · 1.4k tok · 32s · Σ3m · idea: Working angle: complete the task without breaking the gate; using 8 repo file(s), then the gate decides.
  ⠿ [12:36:48] visual review [qwen3.6:latest] · … · 297s · Σ5m · web: writing visual verdict · idea: web vision reviewer: reasoning through the next decision.
  ⠿ [12:36:55] building [qwen3.6:latest] · 1.4k tok · 40s · Σ3m · idea: Working angle: complete the task without breaking the gate; using 8 repo file(s), then the gate decides.
  ⠿ [12:36:56] visual review [qwen3.6:latest] · … · 305s · Σ5m · web: writing visual verdict · idea: web vision reviewer: reasoning through the next decision.
  ⠿ [12:37:03] building [qwen3.6:latest] · 1.7k tok · 48s · Σ3m · idea: Working angle: complete the task without breaking the gate; using 8 repo file(s), then the gate decides.
  ⠿ [12:37:04] visual review [qwen3.6:latest] · … · 313s · Σ5m · web: writing visual verdict · idea: web vision reviewer: reasoning through the next decision.
  ⠿ [12:37:11] building [qwen3.6:latest] · 1.9k tok · 56s · Σ3m · idea: Working angle: complete the task without breaking the gate; using 8 repo file(s), then the gate decides.
  ⠿ [12:37:12] visual review [qwen3.6:latest] · … · 321s · Σ5m · web: writing visual verdict · idea: web vision reviewer: reasoning through the next decision.
  ⠿ [12:37:19] building [qwen3.6:latest] · 2.1k tok · 64s · Σ3m · idea: Working angle: complete the task without breaking the gate; using 8 repo file(s), then the gate decides.
  ⠿ [12:37:20] visual review [qwen3.6:latest] · … · 329s · Σ6m · web: writing visual verdict · idea: web vision reviewer: reasoning through the next decision.
  ● edits: index.html(exact) · verify exit 0 · 14137 tok
  ✔ committed 2072d1c
▶ V.4 polish calculator web: fix visual issue 4: critical
  ○ gate verdict reused — tree unchanged since last run
  ○ remediation — gate green but requirement unmet, must edit
  skills: design-principles, dark-ui-design
  — attempt 1/3 · qwen3.6:latest —
  ⠿ [12:37:27] building [qwen3.6:latest] · 2.2k tok · 5s · Σ3m · idea: Working angle: complete the task without breaking the gate; using 8 repo file(s), then the gate decides.
  ⠿ [12:37:28] visual review [qwen3.6:latest] · … · 337s · Σ6m · web: writing visual verdict · idea: web vision reviewer: reasoning through the next decision.
  ⠿ [12:37:35] building [qwen3.6:latest] · 2.2k tok · 13s · Σ4m · idea: Working angle: complete the task without breaking the gate; using 8 repo file(s), then the gate decides.
  ⠿ [12:37:36] visual review [qwen3.6:latest] · … · 345s · Σ6m · web: writing visual verdict · idea: web vision reviewer: reasoning through the next decision.
  ⠿ [12:37:43] building [qwen3.6:latest] · 2.2k tok · 21s · Σ4m · idea: Working angle: complete the task without breaking the gate; using 8 repo file(s), then the gate decides.
  ⠿ [12:37:44] visual review [qwen3.6:latest] · … · 353s · Σ6m · web: writing visual verdict · idea: web vision reviewer: reasoning through the next decision.
  ⠿ [12:37:51] building [qwen3.6:latest] · 2.2k tok · 29s · Σ4m · idea: Working angle: complete the task without breaking the gate; using 8 repo file(s), then the gate decides.
  ⠿ [12:37:52] visual review [qwen3.6:latest] · … · 361s · Σ6m · web: writing visual verdict · idea: web vision reviewer: reasoning through the next decision.
  ⠿ [12:37:59] building [qwen3.6:latest] · 2.2k tok · 37s · Σ4m · idea: Working angle: complete the task without breaking the gate; using 8 repo file(s), then the gate decides.
  ⠿ [12:38:00] visual review [qwen3.6:latest] · … · 369s · Σ6m · web: writing visual verdict · idea: web vision reviewer: reasoning through the next decision.
  ⠿ [12:38:07] building [qwen3.6:latest] · 2.3k tok · 45s · Σ4m · idea: Working angle: complete the task without breaking the gate; using 8 repo file(s), then the gate decides.
  ⠿ [12:38:08] visual review [qwen3.6:latest] · … · 377s · Σ6m · web: writing visual verdict · idea: web vision reviewer: reasoning through the next decision.
  ⠿ [12:38:15] building [qwen3.6:latest] · 2.5k tok · 53s · Σ4m · idea: Working angle: complete the task without breaking the gate; using 8 repo file(s), then the gate decides.
  ⠿ [12:38:16] visual review [qwen3.6:latest] · … · 385s · Σ7m · web: writing visual verdict · idea: web vision reviewer: reasoning through the next decision.
  ⠿ [12:38:23] building [qwen3.6:latest] · 2.8k tok · 61s · Σ4m · idea: Working angle: complete the task without breaking the gate; using 8 repo file(s), then the gate decides.
  ⠿ [12:38:24] visual review [qwen3.6:latest] · … · 393s · Σ7m · web: writing visual verdict · idea: web vision reviewer: reasoning through the next decision.
  ⠿ [12:38:31] building [qwen3.6:latest] · 3.0k tok · 69s · Σ5m · idea: Working angle: complete the task without breaking the gate; using 8 repo file(s), then the gate decides.
  ⠿ [12:38:32] visual review [qwen3.6:latest] · … · 401s · Σ7m · web: writing visual verdict · idea: web vision reviewer: reasoning through the next decision.
  ⠿ [12:38:39] building [qwen3.6:latest] · 3.3k tok · 77s · Σ5m · idea: Working angle: complete the task without breaking the gate; using 8 repo file(s), then the gate decides.
  ⠿ [12:38:40] visual review [qwen3.6:latest] · … · 409s · Σ7m · web: writing visual verdict · idea: web vision reviewer: reasoning through the next decision.
  ⠿ [12:38:47] building [qwen3.6:latest] · 3.5k tok · 85s · Σ5m · idea: Working angle: complete the task without breaking the gate; using 8 repo file(s), then the gate decides.
  ⠿ [12:38:48] visual review [qwen3.6:latest] · … · 417s · Σ7m · web: writing visual verdict · idea: web vision reviewer: reasoning through the next decision.
  ⠿ [12:38:55] building [qwen3.6:latest] · 3.7k tok · 93s · Σ5m · idea: Working angle: complete the task without breaking the gate; using 8 repo file(s), then the gate decides.
  ⠿ [12:38:56] visual review [qwen3.6:latest] · … · 425s · Σ7m · web: writing visual verdict · idea: web vision reviewer: reasoning through the next decision.
  ● edits: index.html(exact) · verify exit 0 · 15670 tok
  ✔ committed 767b491
  ⠿ [12:39:03] verifying [gate] · 4.0k tok · 1s · Σ5m · PASS test.js: parse/integrity check passed · idea: Working angle: complete the task without breaking the gate; using 8 repo file(s), then the gate decides.
▶ V.5 polish calculator web: fix visual issue 5: minor
  ○ gate verdict reused — tree unchanged since last run
  ○ remediation — gate green but requirement unmet, must edit
  skills: design-principles
  — attempt 1/3 · qwen3.6:latest —
  ⠿ [12:39:04] visual review [qwen3.6:latest] · … · 433s · Σ7m · web: writing visual verdict · idea: web vision reviewer: reasoning through the next decision.
  ⠿ [12:39:11] building [qwen3.6:latest] · 4.0k tok · 8s · Σ5m · idea: Working angle: complete the task without breaking the gate; using 8 repo file(s), then the gate decides.
  ⠿ [12:39:12] visual review [qwen3.6:latest] · … · 441s · Σ7m · web: writing visual verdict · idea: web vision reviewer: reasoning through the next decision.
  ⠿ [12:39:19] building [qwen3.6:latest] · 4.0k tok · 16s · Σ5m · idea: Working angle: complete the task without breaking the gate; using 8 repo file(s), then the gate decides.
  ⠿ [12:39:20] visual review [qwen3.6:latest] · … · 449s · Σ8m · web: writing visual verdict · idea: web vision reviewer: reasoning through the next decision.
  ⠿ [12:39:27] building [qwen3.6:latest] · 4.0k tok · 24s · Σ5m · idea: Working angle: complete the task without breaking the gate; using 8 repo file(s), then the gate decides.
  ⠿ [12:39:28] visual review [qwen3.6:latest] · … · 457s · Σ8m · web: writing visual verdict · idea: web vision reviewer: reasoning through the next decision.
  ⠿ [12:39:35] building [qwen3.6:latest] · 4.0k tok · 32s · Σ6m · idea: Working angle: complete the task without breaking the gate; using 8 repo file(s), then the gate decides.
  ⠿ [12:39:36] visual review [qwen3.6:latest] · … · 465s · Σ8m · web: writing visual verdict · idea: web vision reviewer: reasoning through the next decision.
  ⠿ [12:39:43] building [qwen3.6:latest] · 4.0k tok · 40s · Σ6m · idea: Working angle: complete the task without breaking the gate; using 8 repo file(s), then the gate decides.
  ⠿ [12:39:44] visual review [qwen3.6:latest] · … · 473s · Σ8m · web: writing visual verdict · idea: web vision reviewer: reasoning through the next decision.
  ○ gate verdict reused — tree unchanged since last run
  ● edits: none · verify exit 0 · 13355 tok
  ○ 1 block(s) didn't apply
  ○ gate was already green and no edit landed — not accepting as done
  — attempt 2/3 · qwen3.6:latest —
  ● edits: index.html(exact) · verify exit 0 · 13371 tok
  ✔ committed 809bb7f
━━ visual review 2 · 1 medium(s) ━━
  ⠿ [12:39:52] visual review [qwen3.6:latest] · … · 1s · Σ8m ·  file:///Users/edt/Desktop/spiral/bench/runs/web-calculator/index.html · idea: web vision reviewer: reasoning through the next decision.
  ⠿ [12:40:00] visual review [qwen3.6:latest] · … · 9s · Σ8m ·  file:///Users/edt/Desktop/spiral/bench/runs/web-calculator/index.html · idea: web vision reviewer: reasoning through the next decision.
  ⠿ [12:40:08] visual review [qwen3.6:latest] · … · 17s · Σ8m ·  file:///Users/edt/Desktop/spiral/bench/runs/web-calculator/index.html · idea: web vision reviewer: reasoning through the next decision.
  ⠿ [12:40:16] visual review [qwen3.6:latest] · … · 25s · Σ9m ·  file:///Users/edt/Desktop/spiral/bench/runs/web-calculator/index.html · idea: web vision reviewer: reasoning through the next decision.
  ⠿ [12:40:24] visual review [qwen3.6:latest] · … · 33s · Σ9m ·  file:///Users/edt/Desktop/spiral/bench/runs/web-calculator/index.html · idea: web vision reviewer: reasoning through the next decision.
  ⠿ [12:40:32] visual review [qwen3.6:latest] · … · 41s · Σ9m ·  file:///Users/edt/Desktop/spiral/bench/runs/web-calculator/index.html · idea: web vision reviewer: reasoning through the next decision.
  ⠿ [12:40:40] visual review [qwen3.6:latest] · … · 49s · Σ9m ·  file:///Users/edt/Desktop/spiral/bench/runs/web-calculator/index.html · idea: web vision reviewer: reasoning through the next decision.
  ⠿ [12:40:48] visual review [qwen3.6:latest] · … · 57s · Σ9m ·  file:///Users/edt/Desktop/spiral/bench/runs/web-calculator/index.html · idea: web vision reviewer: reasoning through the next decision.
  ⠿ [12:40:56] visual review [qwen3.6:latest] · … · 65s · Σ9m ·  file:///Users/edt/Desktop/spiral/bench/runs/web-calculator/index.html · idea: web vision reviewer: reasoning through the next decision.
  ⠿ [12:41:04] visual review [qwen3.6:latest] · … · 73s · Σ9m ·  file:///Users/edt/Desktop/spiral/bench/runs/web-calculator/index.html · idea: web vision reviewer: reasoning through the next decision.
  ⠿ [12:41:12] visual review [qwen3.6:latest] · … · 81s · Σ9m ·  file:///Users/edt/Desktop/spiral/bench/runs/web-calculator/index.html · idea: web vision reviewer: reasoning through the next decision.
  ⠿ [12:41:20] visual review [qwen3.6:latest] · … · 89s · Σ10m ·  file:///Users/edt/Desktop/spiral/bench/runs/web-calculator/index.html · idea: web vision reviewer: reasoning through the next decision.
  ⠿ [12:41:28] visual review [qwen3.6:latest] · … · 97s · Σ10m ·  file:///Users/edt/Desktop/spiral/bench/runs/web-calculator/index.html · idea: web vision reviewer: reasoning through the next decision.
  ⠿ [12:41:36] visual review [qwen3.6:latest] · … · 105s · Σ10m · web: writing visual verdict · idea: web vision reviewer: reasoning through the next decision.
  ⠿ [12:41:44] visual review [qwen3.6:latest] · … · 113s · Σ10m · web: writing visual verdict · idea: web vision reviewer: reasoning through the next decision.
  ● web visual revise · 9 issue(s) · 
/Users/edt/Desktop/spiral/bench/runs/web-calculator/.spiral/visual-review/202607
27-123951-web-r2/report.md
  remediation batch: 6 now · 3 deferred until evidence is refreshed
▶ V.1 polish calculator web: fix visual issue 1: major
  ○ gate verdict reused — tree unchanged since last run
  ○ remediation — gate green but requirement unmet, must edit
  skills: design-principles, dark-ui-design
  — attempt 1/3 · qwen3.6:latest —
  ⠿ [12:41:52] visual review [qwen3.6:latest] · … · 121s · Σ10m · web: writing visual verdict · idea: web vision reviewer: reasoning through the next decision.
  ⠿ [12:41:57] building [qwen3.6:latest] · … · 8s · Σ0m · idea: Working angle: complete the task without breaking the gate; using 8 repo file(s), then the gate decides.
  ⠿ [12:42:00] visual review [qwen3.6:latest] · … · 129s · Σ10m · web: writing visual verdict · idea: web vision reviewer: reasoning through the next decision.
  ⠿ [12:42:05] building [qwen3.6:latest] · … · 16s · Σ0m · idea: Working angle: complete the task without breaking the gate; using 8 repo file(s), then the gate decides.
  ⠿ [12:42:08] visual review [qwen3.6:latest] · … · 137s · Σ10m · web: writing visual verdict · idea: web vision reviewer: reasoning through the next decision.
  ⠿ [12:42:13] building [qwen3.6:latest] · … · 24s · Σ0m · idea: Working angle: complete the task without breaking the gate; using 8 repo file(s), then the gate decides.
  ⠿ [12:42:16] visual review [qwen3.6:latest] · … · 145s · Σ11m · web: writing visual verdict · idea: web vision reviewer: reasoning through the next decision.
  ⠿ [12:42:21] building [qwen3.6:latest] · … · 32s · Σ1m · idea: Working angle: complete the task without breaking the gate; using 8 repo file(s), then the gate decides.
  ⠿ [12:42:24] visual review [qwen3.6:latest] · … · 153s · Σ11m · web: writing visual verdict · idea: web vision reviewer: reasoning through the next decision.
  ⠿ [12:42:29] building [qwen3.6:latest] · … · 40s · Σ1m · idea: Working angle: complete the task without breaking the gate; using 8 repo file(s), then the gate decides.
  ⠿ [12:42:32] visual review [qwen3.6:latest] · … · 161s · Σ11m · web: writing visual verdict · idea: web vision reviewer: reasoning through the next decision.
  ⠿ [12:42:37] building [qwen3.6:latest] · 0.2k tok · 48s · Σ1m · idea: Working angle: complete the task without breaking the gate; using 8 repo file(s), then the gate decides.
  ⠿ [12:42:40] visual review [qwen3.6:latest] · … · 169s · Σ11m · web: writing visual verdict · idea: web vision reviewer: reasoning through the next decision.
  ⠿ [12:42:45] building [qwen3.6:latest] · 0.5k tok · 56s · Σ1m · idea: Working angle: complete the task without breaking the gate; using 8 repo file(s), then the gate decides.
  ⠿ [12:42:48] visual review [qwen3.6:latest] · … · 177s · Σ11m · web: writing visual verdict · idea: web vision reviewer: reasoning through the next decision.
  ⠿ [12:42:53] building [qwen3.6:latest] · 0.7k tok · 64s · Σ1m · idea: Working angle: complete the task without breaking the gate; using 8 repo file(s), then the gate decides.
  ● edits: index.html(exact) · verify exit 0 · 14137 tok
  ✔ committed 0daa4a0
  ⠿ [12:42:56] visual review [qwen3.6:latest] · … · 185s · Σ11m · web: writing visual verdict · idea: web vision reviewer: reasoning through the next decision.
▶ V.2 polish calculator web: fix visual issue 2: minor
  ○ gate verdict reused — tree unchanged since last run
  ○ remediation — gate green but requirement unmet, must edit
  skills: design-principles
  — attempt 1/3 · qwen3.6:latest —
  ⠿ [12:43:01] building [qwen3.6:latest] · 0.7k tok · 5s · Σ1m · idea: Working angle: complete the task without breaking the gate; using 8 repo file(s), then the gate decides.
  ⠿ [12:43:04] visual review [qwen3.6:latest] · … · 193s · Σ11m · web: writing visual verdict · idea: web vision reviewer: reasoning through the next decision.
  ⠿ [12:43:09] building [qwen3.6:latest] · 0.7k tok · 13s · Σ1m · idea: Working angle: complete the task without breaking the gate; using 8 repo file(s), then the gate decides.
  ⠿ [12:43:12] visual review [qwen3.6:latest] · … · 201s · Σ11m · web: writing visual verdict · idea: web vision reviewer: reasoning through the next decision.
  ⠿ [12:43:17] building [qwen3.6:latest] · 0.7k tok · 21s · Σ1m · idea: Working angle: complete the task without breaking the gate; using 8 repo file(s), then the gate decides.
  ⠿ [12:43:20] visual review [qwen3.6:latest] · … · 209s · Σ12m · web: writing visual verdict · idea: web vision reviewer: reasoning through the next decision.
  ⠿ [12:43:25] building [qwen3.6:latest] · 0.7k tok · 29s · Σ2m · idea: Working angle: complete the task without breaking the gate; using 8 repo file(s), then the gate decides.
  ⠿ [12:43:28] visual review [qwen3.6:latest] · … · 217s · Σ12m · web: writing visual verdict · idea: web vision reviewer: reasoning through the next decision.
  ⠿ [12:43:33] building [qwen3.6:latest] · 0.7k tok · 37s · Σ2m · idea: Working angle: complete the task without breaking the gate; using 8 repo file(s), then the gate decides.
  ⠿ [12:43:36] visual review [qwen3.6:latest] · … · 225s · Σ12m · web: writing visual verdict · idea: web vision reviewer: reasoning through the next decision.
  ⠿ [12:43:41] building [qwen3.6:latest] · 0.8k tok · 45s · Σ2m · idea: Working angle: complete the task without breaking the gate; using 8 repo file(s), then the gate decides.
  ⠿ [12:43:44] visual review [qwen3.6:latest] · … · 233s · Σ12m · web: writing visual verdict · idea: web vision reviewer: reasoning through the next decision.
  ⠿ [12:43:49] building [qwen3.6:latest] · 1.0k tok · 53s · Σ2m · idea: Working angle: complete the task without breaking the gate; using 8 repo file(s), then the gate decides.
  ● edits: style.css(exact), style.css(exact) · verify exit 0 · 14165 tok
  ✔ committed 0b63b77
▶ V.3 polish calculator web: fix visual issue 3: major
  ⠿ [12:43:52] visual review [qwen3.6:latest] · … · 241s · Σ12m · web: writing visual verdict · idea: web vision reviewer: reasoning through the next decision.
  ○ gate verdict reused — tree unchanged since last run
  ○ remediation — gate green but requirement unmet, must edit
  skills: design-principles, dark-ui-design
  — attempt 1/3 · qwen3.6:latest —
  ⠿ [12:43:57] building [qwen3.6:latest] · 1.0k tok · 5s · Σ2m · idea: Working angle: complete the task without breaking the gate; using 8 repo file(s), then the gate decides.
  ⠿ [12:44:00] visual review [qwen3.6:latest] · … · 249s · Σ12m · web: writing visual verdict · idea: web vision reviewer: reasoning through the next decision.
  ⠿ [12:44:05] building [qwen3.6:latest] · 1.0k tok · 13s · Σ2m · idea: Working angle: complete the task without breaking the gate; using 8 repo file(s), then the gate decides.
  ⠿ [12:44:08] visual review [qwen3.6:latest] · … · 257s · Σ12m · web: writing visual verdict · idea: web vision reviewer: reasoning through the next decision.
  ⠿ [12:44:13] building [qwen3.6:latest] · 1.0k tok · 21s · Σ2m · idea: Working angle: complete the task without breaking the gate; using 8 repo file(s), then the gate decides.
  ⠿ [12:44:16] visual review [qwen3.6:latest] · … · 265s · Σ13m · web: writing visual verdict · idea: web vision reviewer: reasoning through the next decision.
  ⠿ [12:44:21] building [qwen3.6:latest] · 1.0k tok · 29s · Σ3m · idea: Working angle: complete the task without breaking the gate; using 8 repo file(s), then the gate decides.
  ⠿ [12:44:24] visual review [qwen3.6:latest] · … · 273s · Σ13m · web: writing visual verdict · idea: web vision reviewer: reasoning through the next decision.
  ⠿ [12:44:29] building [qwen3.6:latest] · 1.0k tok · 37s · Σ3m · idea: Working angle: complete the task without breaking the gate; using 8 repo file(s), then the gate decides.
  ⠿ [12:44:32] visual review [qwen3.6:latest] · … · 281s · Σ13m · web: writing visual verdict · idea: web vision reviewer: reasoning through the next decision.
  ⠿ [12:44:37] building [qwen3.6:latest] · 1.2k tok · 45s · Σ3m · idea: Working angle: complete the task without breaking the gate; using 8 repo file(s), then the gate decides.
  ⠿ [12:44:40] visual review [qwen3.6:latest] · … · 289s · Σ13m · web: writing visual verdict · idea: web vision reviewer: reasoning through the next decision.
  ⠿ [12:44:45] building [qwen3.6:latest] · 1.4k tok · 53s · Σ3m · idea: Working angle: complete the task without breaking the gate; using 8 repo file(s), then the gate decides.
  ⠿ [12:44:48] visual review [qwen3.6:latest] · … · 297s · Σ13m · web: writing visual verdict · idea: web vision reviewer: reasoning through the next decision.
  ⠿ [12:44:53] building [qwen3.6:latest] · 1.6k tok · 61s · Σ3m · idea: Working angle: complete the task without breaking the gate; using 8 repo file(s), then the gate decides.
  ⠿ [12:44:56] visual review [qwen3.6:latest] · … · 305s · Σ13m · web: writing visual verdict · idea: web vision reviewer: reasoning through the next decision.
  ● edits: index.html(exact) · verify exit 0 · 14137 tok
  ✔ committed 238ef44
▶ V.4 polish calculator web: fix visual issue 4: minor
  ○ gate verdict reused — tree unchanged since last run
  ○ remediation — gate green but requirement unmet, must edit
  skills: design-principles
  — attempt 1/3 · qwen3.6:latest —
  ⠿ [12:45:01] building [qwen3.6:latest] · 1.7k tok · 4s · Σ3m · idea: Working angle: complete the task without breaking the gate; using 8 repo file(s), then the gate decides.
  ⠿ [12:45:04] visual review [qwen3.6:latest] · … · 313s · Σ13m · web: writing visual verdict · idea: web vision reviewer: reasoning through the next decision.
  ⠿ [12:45:09] building [qwen3.6:latest] · 1.7k tok · 12s · Σ3m · idea: Working angle: complete the task without breaking the gate; using 8 repo file(s), then the gate decides.
  ⠿ [12:45:12] visual review [qwen3.6:latest] · … · 321s · Σ13m · web: writing visual verdict · idea: web vision reviewer: reasoning through the next decision.
  ⠿ [12:45:17] building [qwen3.6:latest] · 1.7k tok · 20s · Σ3m · idea: Working angle: complete the task without breaking the gate; using 8 repo file(s), then the gate decides.
  ⠿ [12:45:20] visual review [qwen3.6:latest] · … · 329s · Σ14m · web: writing visual verdict · idea: web vision reviewer: reasoning through the next decision.
  ⠿ [12:45:25] building [qwen3.6:latest] · 1.7k tok · 28s · Σ4m · idea: Working angle: complete the task without breaking the gate; using 8 repo file(s), then the gate decides.
  ⠿ [12:45:28] visual review [qwen3.6:latest] · … · 337s · Σ14m · web: writing visual verdict · idea: web vision reviewer: reasoning through the next decision.
  ⠿ [12:45:33] building [qwen3.6:latest] · 1.7k tok · 36s · Σ4m · idea: Working angle: complete the task without breaking the gate; using 8 repo file(s), then the gate decides.
  ⠿ [12:45:36] visual review [qwen3.6:latest] · … · 345s · Σ14m · web: writing visual verdict · idea: web vision reviewer: reasoning through the next decision.
  ⠿ [12:45:41] building [qwen3.6:latest] · 1.8k tok · 44s · Σ4m · idea: Working angle: complete the task without breaking the gate; using 8 repo file(s), then the gate decides.
  ⠿ [12:45:44] visual review [qwen3.6:latest] · … · 353s · Σ14m · web: writing visual verdict · idea: web vision reviewer: reasoning through the next decision.
  ⠿ [12:45:49] building [qwen3.6:latest] · 2.0k tok · 52s · Σ4m · idea: Working angle: complete the task without breaking the gate; using 8 repo file(s), then the gate decides.
  ● edits: style.css(exact) · verify exit 0 · 14235 tok
  ✔ committed 62690e1
▶ V.5 polish calculator web: fix visual issue 5: major
  ⠿ [12:45:52] visual review [qwen3.6:latest] · … · 361s · Σ14m · web: writing visual verdict · idea: web vision reviewer: reasoning through the next decision.
  ○ gate verdict reused — tree unchanged since last run
  ○ remediation — gate green but requirement unmet, must edit
  skills: design-principles, dark-ui-design
  — attempt 1/3 · qwen3.6:latest —
  ⠿ [12:45:57] building [qwen3.6:latest] · 2.0k tok · 5s · Σ4m · idea: Working angle: complete the task without breaking the gate; using 8 repo file(s), then the gate decides.
  ⠿ [12:46:00] visual review [qwen3.6:latest] · … · 369s · Σ14m · web: writing visual verdict · idea: web vision reviewer: reasoning through the next decision.
  ⠿ [12:46:05] building [qwen3.6:latest] · 2.0k tok · 13s · Σ4m · idea: Working angle: complete the task without breaking the gate; using 8 repo file(s), then the gate decides.
  ⠿ [12:46:08] visual review [qwen3.6:latest] · … · 377s · Σ14m · web: writing visual verdict · idea: web vision reviewer: reasoning through the next decision.
  ⠿ [12:46:13] building [qwen3.6:latest] · 2.0k tok · 21s · Σ4m · idea: Working angle: complete the task without breaking the gate; using 8 repo file(s), then the gate decides.
  ⠿ [12:46:16] visual review [qwen3.6:latest] · … · 385s · Σ15m · web: writing visual verdict · idea: web vision reviewer: reasoning through the next decision.
  ⠿ [12:46:21] building [qwen3.6:latest] · 2.0k tok · 29s · Σ5m · idea: Working angle: complete the task without breaking the gate; using 8 repo file(s), then the gate decides.
  ⠿ [12:46:24] visual review [qwen3.6:latest] · … · 393s · Σ15m · web: writing visual verdict · idea: web vision reviewer: reasoning through the next decision.
  ⠿ [12:46:29] building [qwen3.6:latest] · 2.0k tok · 37s · Σ5m · idea: Working angle: complete the task without breaking the gate; using 8 repo file(s), then the gate decides.
  ⠿ [12:46:32] visual review [qwen3.6:latest] · … · 401s · Σ15m · web: writing visual verdict · idea: web vision reviewer: reasoning through the next decision.
  ⠿ [12:46:37] building [qwen3.6:latest] · 2.2k tok · 45s · Σ5m · idea: Working angle: complete the task without breaking the gate; using 8 repo file(s), then the gate decides.
  ⠿ [12:46:40] visual review [qwen3.6:latest] · … · 409s · Σ15m · web: writing visual verdict · idea: web vision reviewer: reasoning through the next decision.
  ⠿ [12:46:45] building [qwen3.6:latest] · 2.4k tok · 53s · Σ5m · idea: Working angle: complete the task without breaking the gate; using 8 repo file(s), then the gate decides.
  ⠿ [12:46:48] visual review [qwen3.6:latest] · … · 417s · Σ15m · web: writing visual verdict · idea: web vision reviewer: reasoning through the next decision.
  ⠿ [12:46:53] building [qwen3.6:latest] · 2.7k tok · 61s · Σ5m · idea: Working angle: complete the task without breaking the gate; using 8 repo file(s), then the gate decides.
  ⠿ [12:46:56] visual review [qwen3.6:latest] · … · 425s · Σ15m · web: writing visual verdict · idea: web vision reviewer: reasoning through the next decision.
  ⠿ [12:47:01] building [qwen3.6:latest] · 2.9k tok · 69s · Σ5m · idea: Working angle: complete the task without breaking the gate; using 8 repo file(s), then the gate decides.
  ⠿ [12:47:04] visual review [qwen3.6:latest] · … · 433s · Σ15m · web: writing visual verdict · idea: web vision reviewer: reasoning through the next decision.
  ⠿ [12:47:09] building [qwen3.6:latest] · 3.1k tok · 77s · Σ5m · idea: Working angle: complete the task without breaking the gate; using 8 repo file(s), then the gate decides.
  ⠿ [12:47:12] visual review [qwen3.6:latest] · … · 441s · Σ15m · web: writing visual verdict · idea: web vision reviewer: reasoning through the next decision.
  ⠿ [12:47:17] building [qwen3.6:latest] · 3.4k tok · 85s · Σ5m · idea: Working angle: complete the task without breaking the gate; using 8 repo file(s), then the gate decides.
  ⠿ [12:47:20] visual review [qwen3.6:latest] · … · 449s · Σ16m · web: writing visual verdict · idea: web vision reviewer: reasoning through the next decision.
  ⠿ [12:47:25] verifying [gate] · 3.6k tok · 1s · Σ6m · idea: Working angle: complete the task without breaking the gate; using 8 repo file(s), then the gate decides.
  ● edits: index.html(exact) · verify exit 0 · 15139 tok
  ✔ committed d3adbc3
▶ V.6 polish calculator web: fix visual issue 6: minor
  ○ gate verdict reused — tree unchanged since last run
  ○ remediation — gate green but requirement unmet, must edit
  skills: design-principles
  — attempt 1/3 · qwen3.6:latest —
  ⠿ [12:47:28] visual review [qwen3.6:latest] · … · 457s · Σ16m · web: writing visual verdict · idea: web vision reviewer: reasoning through the next decision.
  ⠿ [12:47:33] building [qwen3.6:latest] · 3.6k tok · 7s · Σ6m · idea: Working angle: complete the task without breaking the gate; using 8 repo file(s), then the gate decides.
  ⠿ [12:47:36] visual review [qwen3.6:latest] · … · 465s · Σ16m · web: writing visual verdict · idea: web vision reviewer: reasoning through the next decision.
  ⠿ [12:47:41] building [qwen3.6:latest] · 3.6k tok · 15s · Σ6m · idea: Working angle: complete the task without breaking the gate; using 8 repo file(s), then the gate decides.
  ⠿ [12:47:44] visual review [qwen3.6:latest] · … · 473s · Σ16m · web: writing visual verdict · idea: web vision reviewer: reasoning through the next decision.
  ⠿ [12:47:50] building [qwen3.6:latest] · 3.6k tok · 23s · Σ6m · idea: Working angle: complete the task without breaking the gate; using 8 repo file(s), then the gate decides.
  ⠿ [12:47:52] visual review [qwen3.6:latest] · … · 481s · Σ16m · web: writing visual verdict · idea: web vision reviewer: reasoning through the next decision.
  ⠿ [12:47:58] building [qwen3.6:latest] · 3.6k tok · 31s · Σ6m · idea: Working angle: complete the task without breaking the gate; using 8 repo file(s), then the gate decides.
  ⠿ [12:48:00] visual review [qwen3.6:latest] · … · 489s · Σ16m · web: writing visual verdict · idea: web vision reviewer: reasoning through the next decision.
  ⠿ [12:48:06] building [qwen3.6:latest] · 3.6k tok · 39s · Σ6m · idea: Working angle: complete the task without breaking the gate; using 8 repo file(s), then the gate decides.
  ⠿ [12:48:08] visual review [qwen3.6:latest] · … · 497s · Σ16m · web: writing visual verdict · idea: web vision reviewer: reasoning through the next decision.
  ⠿ [12:48:14] building [qwen3.6:latest] · 3.7k tok · 47s · Σ6m · idea: Working angle: complete the task without breaking the gate; using 8 repo file(s), then the gate decides.
  ● edits: style.css(exact) · verify exit 0 · 13952 tok
  ✔ committed 47688bc
━━ visual review 3 · 1 medium(s) ━━
  ⠿ [12:48:16] visual review [qwen3.6:latest] · … · 0s · Σ17m · idea: web vision reviewer: reasoning through the next decision.
  ⠿ [12:48:24] visual review [qwen3.6:latest] · … · 8s · Σ17m ·  file:///Users/edt/Desktop/spiral/bench/runs/web-calculator/index.html · idea: web vision reviewer: reasoning through the next decision.
  ⠿ [12:48:32] visual review [qwen3.6:latest] · … · 16s · Σ17m ·  file:///Users/edt/Desktop/spiral/bench/runs/web-calculator/index.html · idea: web vision reviewer: reasoning through the next decision.
  ⠿ [12:48:40] visual review [qwen3.6:latest] · … · 24s · Σ17m ·  file:///Users/edt/Desktop/spiral/bench/runs/web-calculator/index.html · idea: web vision reviewer: reasoning through the next decision.
  ⠿ [12:48:48] visual review [qwen3.6:latest] · … · 32s · Σ17m ·  file:///Users/edt/Desktop/spiral/bench/runs/web-calculator/index.html · idea: web vision reviewer: reasoning through the next decision.
  ⠿ [12:48:56] visual review [qwen3.6:latest] · … · 40s · Σ17m ·  file:///Users/edt/Desktop/spiral/bench/runs/web-calculator/index.html · idea: web vision reviewer: reasoning through the next decision.
  ⠿ [12:49:04] visual review [qwen3.6:latest] · … · 48s · Σ17m ·  file:///Users/edt/Desktop/spiral/bench/runs/web-calculator/index.html · idea: web vision reviewer: reasoning through the next decision.
  ⠿ [12:49:12] visual review [qwen3.6:latest] · … · 56s · Σ17m ·  file:///Users/edt/Desktop/spiral/bench/runs/web-calculator/index.html · idea: web vision reviewer: reasoning through the next decision.
  ⠿ [12:49:20] visual review [qwen3.6:latest] · … · 64s · Σ18m ·  file:///Users/edt/Desktop/spiral/bench/runs/web-calculator/index.html · idea: web vision reviewer: reasoning through the next decision.
  ⠿ [12:49:28] visual review [qwen3.6:latest] · … · 72s · Σ18m ·  file:///Users/edt/Desktop/spiral/bench/runs/web-calculator/index.html · idea: web vision reviewer: reasoning through the next decision.
  ⠿ [12:49:36] visual review [qwen3.6:latest] · … · 80s · Σ18m ·  file:///Users/edt/Desktop/spiral/bench/runs/web-calculator/index.html · idea: web vision reviewer: reasoning through the next decision.
  ⠿ [12:49:44] visual review [qwen3.6:latest] · … · 88s · Σ18m ·  file:///Users/edt/Desktop/spiral/bench/runs/web-calculator/index.html · idea: web vision reviewer: reasoning through the next decision.
  ⠿ [12:49:52] visual review [qwen3.6:latest] · … · 96s · Σ18m ·  file:///Users/edt/Desktop/spiral/bench/runs/web-calculator/index.html · idea: web vision reviewer: reasoning through the next decision.
  ⠿ [12:50:00] visual review [qwen3.6:latest] · … · 104s · Σ18m ·  file:///Users/edt/Desktop/spiral/bench/runs/web-calculator/index.html · idea: web vision reviewer: reasoning through the next decision.
  ⠿ [12:50:08] visual review [qwen3.6:latest] · … · 112s · Σ18m · web: writing visual verdict · idea: web vision reviewer: reasoning through the next decision.
  ⠿ [12:50:16] visual review [qwen3.6:latest] · … · 120s · Σ19m · web: writing visual verdict · idea: web vision reviewer: reasoning through the next decision.
  ● web visual revise · 9 issue(s) · 
/Users/edt/Desktop/spiral/bench/runs/web-calculator/.spiral/visual-review/202607
27-124816-web-r3/report.md
  ● delivery manifest · 0/2 ready · .spiral/delivery.json
━━ validation 1 · 41 requirements · 1 by execution · gemma3:12b judges the rest 
━━
  ⠿ [12:50:30] validating R1–R4 · … · 8s
  ⠿ [12:50:38] validating R1–R4 · … · 16s
  ⠿ [12:50:46] validating R1–R4 · … · 24s
  ⠿ [12:50:54] validating R1–R4 · … · 32s
  ⠿ [12:51:02] validating R1–R4 · … · 40s
  ⠿ [12:51:10] validating R1–R4 · … · 48s
  ⠿ [12:51:18] validating R1–R4 · … · 56s
  ⠿ [12:51:26] validating R1–R4 · … · 64s
  ⠿ [12:51:34] validating R1–R4 · … · 72s
  ⠿ [12:51:42] validating R1–R4 · … · 80s
  ⠿ [12:51:50] validating R1–R4 · … · 88s
  ⠿ [12:51:58] validating R1–R4 · … · 96s
  ⠿ [12:52:06] validating R1–R4 · 0.1k tok · 104s · writing verdicts
  ⠿ [12:52:14] validating R1–R4 · 0.2k tok · 112s · writing verdicts
  ⠿ [12:52:24] validating R5–R8 · … · 8s
  ⠿ [12:52:32] validating R5–R8 · … · 16s
  ⠿ [12:52:40] validating R5–R8 · … · 24s
  ⠿ [12:52:48] validating R5–R8 · … · 32s
  ⠿ [12:52:56] validating R5–R8 · … · 40s
  ⠿ [12:53:04] validating R5–R8 · … · 48s
  ⠿ [12:53:12] validating R5–R8 · … · 56s
  ⠿ [12:53:20] validating R5–R8 · … · 64s
  ⠿ [12:53:28] validating R5–R8 · … · 72s
  ⠿ [12:53:36] validating R5–R8 · 0.0k tok · 80s · writing verdicts
  ⠿ [12:53:44] validating R5–R8 · 0.1k tok · 88s · writing verdicts
  ⠿ [12:53:58] validating R9–R12 · … · 8s
  ⠿ [12:54:06] validating R9–R12 · … · 16s
  ⠿ [12:54:14] validating R9–R12 · … · 24s
  ⠿ [12:54:22] validating R9–R12 · … · 32s
  ⠿ [12:54:30] validating R9–R12 · … · 40s
  ⠿ [12:54:38] validating R9–R12 · … · 48s
  ⠿ [12:54:46] validating R9–R12 · … · 56s
  ⠿ [12:54:54] validating R9–R12 · … · 64s
  ⠿ [12:55:02] validating R9–R12 · … · 72s
  ⠿ [12:55:10] validating R9–R12 · … · 80s
  ⠿ [12:55:18] validating R9–R12 · 0.1k tok · 88s · writing verdicts
  ⠿ [12:55:26] validating R9–R12 · 0.2k tok · 96s · writing verdicts
  ⠿ [12:55:39] validating R13–R16 · … · 8s
  ⠿ [12:55:47] validating R13–R16 · … · 16s
  ⠿ [12:55:55] validating R13–R16 · … · 24s
  ⠿ [12:56:03] validating R13–R16 · … · 32s
  ⠿ [12:56:11] validating R13–R16 · … · 40s
  ⠿ [12:56:19] validating R13–R16 · … · 48s
  ⠿ [12:56:27] validating R13–R16 · … · 56s
  ⠿ [12:56:35] validating R13–R16 · … · 64s
  ⠿ [12:56:43] validating R13–R16 · … · 72s
  ⠿ [12:56:51] validating R13–R16 · … · 80s
  ⠿ [12:56:59] validating R13–R16 · 0.1k tok · 88s · writing verdicts
  ⠿ [12:57:07] validating R13–R16 · 0.2k tok · 96s · writing verdicts
  ⠿ [12:57:15] validating R13–R16 · 0.3k tok · 104s · writing verdicts
  ⠿ [12:57:26] validating R17–R20 · … · 8s
  ⠿ [12:57:34] validating R17–R20 · … · 16s
  ⠿ [12:57:42] validating R17–R20 · … · 24s
  ⠿ [12:57:50] validating R17–R20 · … · 32s
  ⠿ [12:57:58] validating R17–R20 · … · 40s
  ⠿ [12:58:06] validating R17–R20 · … · 48s
  ⠿ [12:58:14] validating R17–R20 · … · 56s
  ⠿ [12:58:22] validating R17–R20 · … · 64s
  ⠿ [12:58:30] validating R17–R20 · … · 72s
  ⠿ [12:58:38] validating R17–R20 · 0.1k tok · 80s · writing verdicts
  ⠿ [12:58:46] validating R17–R20 · 0.2k tok · 88s · writing verdicts
  ⠿ [12:58:54] validating R17–R20 · 0.3k tok · 96s · writing verdicts
  ⠿ [12:59:07] validating R21–R24 · … · 8s
  ⠿ [12:59:15] validating R21–R24 · … · 16s
  ⠿ [12:59:23] validating R21–R24 · … · 24s
  ⠿ [12:59:31] validating R21–R24 · … · 32s
  ⠿ [12:59:39] validating R21–R24 · … · 40s
  ⠿ [12:59:47] validating R21–R24 · … · 48s
  ⠿ [12:59:55] validating R21–R24 · … · 56s
  ⠿ [13:00:03] validating R21–R24 · … · 64s
  ⠿ [13:00:11] validating R21–R24 · … · 72s
  ⠿ [13:00:19] validating R21–R24 · … · 80s
  ⠿ [13:00:27] validating R21–R24 · 0.1k tok · 88s · writing verdicts
  ⠿ [13:00:35] validating R21–R24 · 0.2k tok · 96s · writing verdicts
  ⠿ [13:00:49] validating R25–R28 · … · 8s
  ⠿ [13:00:57] validating R25–R28 · … · 16s
  ⠿ [13:01:05] validating R25–R28 · … · 24s
  ⠿ [13:01:13] validating R25–R28 · … · 32s
  ⠿ [13:01:21] validating R25–R28 · … · 40s
  ⠿ [13:01:29] validating R25–R28 · … · 48s
  ⠿ [13:01:37] validating R25–R28 · … · 56s
  ⠿ [13:01:45] validating R25–R28 · … · 64s
  ⠿ [13:01:53] validating R25–R28 · … · 72s
  ⠿ [13:02:01] validating R25–R28 · … · 80s
  ⠿ [13:02:09] validating R25–R28 · 0.0k tok · 88s · writing verdicts
  ⠿ [13:02:17] validating R25–R28 · 0.1k tok · 96s · writing verdicts
  ⠿ [13:02:25] validating R25–R28 · 0.2k tok · 104s · writing verdicts
  ⠿ [13:02:36] validating R29–R35 · … · 8s
  ⠿ [13:02:44] validating R29–R35 · … · 16s
  ⠿ [13:02:52] validating R29–R35 · … · 24s
  ⠿ [13:03:00] validating R29–R35 · … · 32s
  ⠿ [13:03:08] validating R29–R35 · … · 40s
  ⠿ [13:03:16] validating R29–R35 · … · 48s
  ⠿ [13:03:24] validating R29–R35 · … · 56s
  ⠿ [13:03:32] validating R29–R35 · … · 64s
  ⠿ [13:03:40] validating R29–R35 · … · 72s
  ⠿ [13:03:48] validating R29–R35 · … · 80s
  ⠿ [13:03:56] validating R29–R35 · 0.1k tok · 88s · writing verdicts
  ⠿ [13:04:04] validating R29–R35 · 0.2k tok · 96s · writing verdicts
  ⠿ [13:04:18] validating R36–R39 · … · 8s
  ⠿ [13:04:26] validating R36–R39 · … · 16s
  ⠿ [13:04:34] validating R36–R39 · … · 24s
  ⠿ [13:04:42] validating R36–R39 · … · 32s
  ⠿ [13:04:50] validating R36–R39 · … · 40s
  ⠿ [13:04:58] validating R36–R39 · … · 48s
  ⠿ [13:05:06] validating R36–R39 · … · 56s
  ⠿ [13:05:14] validating R36–R39 · … · 64s
  ⠿ [13:05:22] validating R36–R39 · … · 72s
  ⠿ [13:05:30] validating R36–R39 · … · 80s
  ⠿ [13:05:38] validating R36–R39 · 0.1k tok · 88s · writing verdicts
  ⠿ [13:05:46] validating R36–R39 · 0.2k tok · 96s · writing verdicts
  ⠿ [13:05:54] validating R36–R39 · 0.3k tok · 104s · writing verdicts
  ⠿ [13:06:02] validating R36–R39 · 0.4k tok · 112s · writing verdicts
  ⠿ [13:06:10] validating R36–R39 · 0.5k tok · 120s · writing verdicts
  ⠿ [13:06:18] validating R36–R39 · 0.6k tok · 128s · writing verdicts
  ⠿ [13:06:26] validating R36–R39 · 0.7k tok · 136s · writing verdicts
  ⠿ [13:06:34] validating R36–R39 · 0.8k tok · 144s · writing verdicts
  ⠿ [13:06:42] validating R36–R39 · 0.9k tok · 152s · writing verdicts
  ⠿ [13:06:50] validating R36–R39 · 1.0k tok · 160s · writing verdicts
  ⠿ [13:06:58] validating R36–R39 · 1.1k tok · 168s · writing verdicts
  ⠿ [13:07:06] validating R36–R39 · 1.2k tok · 176s · writing verdicts
  ⠿ [13:07:14] validating R36–R39 · 1.3k tok · 184s · writing verdicts
  ⠿ [13:07:22] validating R36–R39 · 1.5k tok · 192s · writing verdicts
  ⠿ [13:07:30] validating R36–R39 · 1.6k tok · 200s · writing verdicts
  ⠿ [13:07:38] validating R36–R39 · 1.7k tok · 208s · writing verdicts
  ⠿ [13:07:46] validating R36–R39 · 1.8k tok · 216s · writing verdicts
  ⠿ [13:07:54] validating R36–R39 · 1.9k tok · 224s · writing verdicts
  ⠿ [13:08:02] validating R36–R39 · 2.0k tok · 232s · writing verdicts
  ⠿ [13:08:10] validating R36–R39 · 2.1k tok · 240s · writing verdicts
  ⠿ [13:08:18] validating R36–R39 · 2.2k tok · 248s · writing verdicts
  ⠿ [13:08:26] validating R36–R39 · 2.3k tok · 256s · writing verdicts
  ⠿ [13:08:34] validating R36–R39 · 2.4k tok · 264s · writing verdicts
  ⠿ [13:08:42] validating R36–R39 · 2.5k tok · 272s · writing verdicts
  ⠿ [13:08:50] validating R36–R39 · 2.6k tok · 280s · writing verdicts
  ⠿ [13:08:58] validating R36–R39 · 2.7k tok · 288s · writing verdicts
  ⠿ [13:09:06] validating R36–R39 · 2.8k tok · 296s · writing verdicts
  ⠿ [13:09:14] validating R36–R39 · 2.9k tok · 304s · writing verdicts
  ⠿ [13:09:22] validating R36–R39 · 3.0k tok · 312s · writing verdicts
  ⠿ [13:09:30] validating R36–R39 · 3.1k tok · 320s · writing verdicts
  ⠿ [13:09:38] validating R36–R39 · 3.2k tok · 328s · writing verdicts
  ⠿ [13:09:46] validating R36–R39 · 3.3k tok · 336s · writing verdicts
  ⠿ [13:09:54] validating R36–R39 · 3.4k tok · 344s · writing verdicts
  ⠿ [13:10:02] validating R36–R39 · 3.5k tok · 352s · writing verdicts
  ⠿ [13:10:10] validating R36–R39 · 3.6k tok · 360s · writing verdicts
  ⠿ [13:10:18] validating R36–R39 · 3.7k tok · 368s · writing verdicts
  ⠿ [13:10:26] validating R36–R39 · 3.8k tok · 376s · writing verdicts
  ⠿ [13:10:34] validating R36–R39 · 3.9k tok · 384s · writing verdicts
  ⠿ [13:10:42] validating R36–R39 · 4.0k tok · 392s · writing verdicts
  ⠿ [13:10:50] validating R36–R39 · 4.1k tok · 400s · writing verdicts
  ⠿ [13:10:58] validating R36–R39 · 4.1k tok · 408s · writing verdicts
  ⠿ [13:11:06] validating R36–R39 · 4.2k tok · 416s · writing verdicts
  ⠿ [13:11:14] validating R36–R39 · 4.3k tok · 424s · writing verdicts
  ⠿ [13:11:22] validating R36–R39 · 4.4k tok · 432s · writing verdicts
  ⠿ [13:11:30] validating R36–R39 · 4.5k tok · 440s · writing verdicts
  ⠿ [13:11:38] validating R36–R39 · 4.6k tok · 448s · writing verdicts
  ⠿ [13:11:46] validating R36–R39 · 4.7k tok · 456s · writing verdicts
  ⠿ [13:11:54] validating R36–R39 · 4.8k tok · 464s · writing verdicts
  ⠿ [13:12:02] validating R36–R39 · 4.9k tok · 472s · writing verdicts
  ⠿ [13:12:10] validating R36–R39 · 5.0k tok · 480s · writing verdicts
  ⠿ [13:12:18] validating R36–R39 · 5.1k tok · 488s · writing verdicts
  ⠿ [13:12:26] validating R36–R39 · 5.2k tok · 496s · writing verdicts
  ⠿ [13:12:34] validating R36–R39 · 5.3k tok · 504s · writing verdicts
  ⠿ [13:12:42] validating R36–R39 · 5.4k tok · 512s · writing verdicts
  ⠿ [13:12:50] validating R36–R39 · 5.5k tok · 520s · writing verdicts
  ⠿ [13:12:58] validating R36–R39 · 5.6k tok · 528s · writing verdicts
  ⠿ [13:13:06] validating R36–R39 · 5.6k tok · 536s · writing verdicts
  ⠿ [13:13:14] validating R36–R39 · 5.7k tok · 544s · writing verdicts
  ⠿ [13:13:22] validating R36–R39 · 5.8k tok · 552s · writing verdicts
  ⠿ [13:13:30] validating R36–R39 · 5.9k tok · 560s · writing verdicts
  ⠿ [13:13:38] validating R36–R39 · 6.0k tok · 568s · writing verdicts
  ⠿ [13:13:46] validating R36–R39 · 6.1k tok · 576s · writing verdicts
  ⠿ [13:13:56] validating R40–R41 · … · 8s
  ⠿ [13:14:04] validating R40–R41 · … · 16s
  ⠿ [13:14:12] validating R40–R41 · … · 24s
  ⠿ [13:14:20] validating R40–R41 · … · 32s
  ⠿ [13:14:28] validating R40–R41 · … · 40s
  ⠿ [13:14:36] validating R40–R41 · … · 48s
  ⠿ [13:14:44] validating R40–R41 · … · 56s
  ⠿ [13:14:52] validating R40–R41 · … · 64s
  ⠿ [13:15:00] validating R40–R41 · … · 72s
  ⠿ [13:15:08] validating R40–R41 · … · 80s
  ⠿ [13:15:16] validating R40–R41 · … · 88s
  ⠿ [13:15:24] validating R40–R41 · 0.1k tok · 96s · writing verdicts
  ✓ R1 index.html, script.js, style.css
  ✓ R2 index.html, script.js, style.css
  ✓ R3 index.html, script.js, style.css
  ✓ R5 script.js (lines 138-207)
  ✓ R6 script.js (lines 149, 156, 174)
  ✓ R7 script.js (lines 203-218)
  ✓ R8 script.js (line 247)
  ✓ R9 script.js: The `backspace()` function removes the last character of the 
current input.
  ✓ R10 script.js: The history panel is initially collapsed on mobile and 
expands on tap.  The `ad
  ✓ R11 script.js: The `historyItem.click()` event listener recalls a result 
into the main display
  ✓ R12 script.js: The `setupKeyboardSupport()` function handles keyboard input 
for numbers, opera
  ✓ R13 script.js (lines 79-86, 102-105), style.css (lines 141-151)
  ✓ R14 script.js (lines 236-250), style.css (line 179)
  ✓ R15 tokens.css (lines 4-26)
  ✓ R16 style.css (multiple references to --bg-light, --text-dark etc.)
  ✓ R17 style.css: `.keypad button:focus-visible { outline: 2px solid 
var(--focus-ring); outline-o
  ✓ R18 style.css: `.keypad button:hover { background: var(--bg-surface); 
transform: translateY(-1
  ✓ R19 style.css: `.keypad button:active { transform: scale(0.95); background: 
var(--accent-hover
  ✓ R20 style.css: `transition: all var(--motion-fast) var(--ease);`, script.js:
`button.classList
  ✓ R22 index.html: The clear button uses an SVG icon (`<svg 
class="icon-clear">`) instead of bare
  ✓ R23 index.html: The backspace button uses an SVG icon (`<svg 
class="icon-backspace">`) instead
  ✓ R24 script.js: The script displays a readable empty state ('No calculations 
yet') in the histo
  ✓ R29 index.html (aria attributes on display and keypad), script.js 
(setupKeyboardSupport functi
  ✓ R31 index.html (direct opening in browser is possible without server setup)
  ◐ R4 script.js
  ◐ R21 script.js: The script includes a `transition` property in CSS and 
animation keyframes, but
  ◐ R25 index.html, style.css
  ◐ R26 index.html, style.css
  ◐ R28 script.js
  ◐ R34 script.js (calculator logic, handleInput function), index.html (UI 
elements and event list
  ◐ R35 script.js (error handling in calculate function), index.html (display 
element)
  ◐ R40 index.html, style.css, script.js
  ✗ R32 calculator: visual evidence is {'calculator': 'gaps'}
  ✗ R33 tests: no exact declared output file resolved; output lacks 
parser/decoder evidence
  ✗ R30 acceptance check failed (exit 254): npm error enoent This is related to 
npm not being able
  ✗ R27 index.html, style.css
  ✗ R36 test.js
  ✗ R41 None
  ? R37 (retained) validator returned no verdict; no remediation inferred
  ? R38 (retained) validator returned no verdict; no remediation inferred
  ? R39 (retained) validator returned no verdict; no remediation inferred
  spec: 24/41 implemented · 8 partial · 6 missing · 3 unjudged · 3 retained · 
138295 tok

  remediation batch: 6 now · 8 deferred until evidence is refreshed
▶ V.1 finish deliverable calculator
  ○ gate verdict reused — tree unchanged since last run
  ○ remediation — gate green but requirement unmet, must edit
  skills: design-principles
  — attempt 1/3 · qwen3.6:latest —
  ⠿ [13:15:35] building [qwen3.6:latest] · … · 8s · Σ0m · idea: Working angle: complete the task without breaking the gate; using 1 repo file(s), then the gate decides.
  ⠿ [13:15:43] building [qwen3.6:latest] · … · 16s · Σ0m · idea: Working angle: complete the task without breaking the gate; using 1 repo file(s), then the gate decides.
  ⠿ [13:15:51] building [qwen3.6:latest] · … · 24s · Σ0m · idea: Working angle: complete the task without breaking the gate; using 1 repo file(s), then the gate decides.
  ⠿ [13:15:59] building [qwen3.6:latest] · … · 32s · Σ1m · idea: Working angle: complete the task without breaking the gate; using 1 repo file(s), then the gate decides.
  ○ no edits parsed — no SEARCH/REPLACE markers found (59 tok)
     reply starts: 'I need to fix the corrupted `index.html` file which has 
duplicated and'
  — attempt 2/3 · qwen3.6:latest —
  ⠿ [13:16:07] building [qwen3.6:latest] · 0.1k tok · 5s · Σ1m · idea: Working angle: complete the task without breaking the gate; using 1 repo file(s), then the gate decides.
  ⠿ [13:16:15] building [qwen3.6:latest] · 0.4k tok · 14s · Σ1m · idea: Working angle: complete the task without breaking the gate; using 1 repo file(s), then the gate decides.
  ⠿ [13:16:23] building [qwen3.6:latest] · 0.6k tok · 22s · Σ1m · idea: Working angle: complete the task without breaking the gate; using 1 repo file(s), then the gate decides.
  ⠿ [13:16:31] building [qwen3.6:latest] · 0.9k tok · 30s · Σ1m · idea: Working angle: complete the task without breaking the gate; using 1 repo file(s), then the gate decides.
  ⠿ [13:16:39] building [qwen3.6:latest] · 1.1k tok · 38s · Σ1m · idea: Working angle: complete the task without breaking the gate; using 1 repo file(s), then the gate decides.
  ⠿ [13:16:47] building [qwen3.6:latest] · 1.4k tok · 46s · Σ1m · idea: Working angle: complete the task without breaking the gate; using 1 repo file(s), then the gate decides.
  ⠿ [13:16:55] building [qwen3.6:latest] · 1.6k tok · 54s · Σ1m · idea: Working angle: complete the task without breaking the gate; using 1 repo file(s), then the gate decides.
  ⠿ [13:17:03] building [qwen3.6:latest] · 1.9k tok · 62s · Σ2m · idea: Working angle: complete the task without breaking the gate; using 1 repo file(s), then the gate decides.
  ⠿ [13:17:11] building [qwen3.6:latest] · 2.1k tok · 70s · Σ2m · idea: Working angle: complete the task without breaking the gate; using 1 repo file(s), then the gate decides.
  ⠿ [13:17:19] building [qwen3.6:latest] · 2.3k tok · 78s · Σ2m · idea: Working angle: complete the task without breaking the gate; using 1 repo file(s), then the gate decides.
  ⠿ [13:17:27] building [qwen3.6:latest] · 2.6k tok · 86s · Σ2m · idea: Working angle: complete the task without breaking the gate; using 1 repo file(s), then the gate decides.
  ⠿ [13:17:35] building [qwen3.6:latest] · 2.8k tok · 94s · Σ2m · idea: Working angle: complete the task without breaking the gate; using 1 repo file(s), then the gate decides.
  ⠿ [13:17:43] building [qwen3.6:latest] · 3.0k tok · 102s · Σ2m · idea: Working angle: complete the task without breaking the gate; using 1 repo file(s), then the gate decides.
  ⠿ [13:17:51] building [qwen3.6:latest] · 3.1k tok · 110s · Σ2m · idea: Working angle: complete the task without breaking the gate; using 1 repo file(s), then the gate decides.
  ⠿ [13:17:59] building [qwen3.6:latest] · 3.4k tok · 118s · Σ3m · idea: Working angle: complete the task without breaking the gate; using 1 repo file(s), then the gate decides.
  ⠿ [13:18:07] building [qwen3.6:latest] · 3.5k tok · 126s · Σ3m · idea: Working angle: complete the task without breaking the gate; using 1 repo file(s), then the gate decides.
  ⠿ [13:18:15] building [qwen3.6:latest] · 3.8k tok · 134s · Σ3m · idea: Working angle: complete the task without breaking the gate; using 1 repo file(s), then the gate decides.
  ⠿ [13:18:23] building [qwen3.6:latest] · 4.0k tok · 142s · Σ3m · idea: Working angle: complete the task without breaking the gate; using 1 repo file(s), then the gate decides.
  ⠿ [13:18:31] building [qwen3.6:latest] · 4.2k tok · 150s · Σ3m · idea: Working angle: complete the task without breaking the gate; using 1 repo file(s), then the gate decides.
  ⠿ [13:18:39] building [qwen3.6:latest] · 4.4k tok · 158s · Σ3m · idea: Working angle: complete the task without breaking the gate; using 1 repo file(s), then the gate decides.
  ⠿ [13:18:47] building [qwen3.6:latest] · 4.6k tok · 166s · Σ3m · idea: Working angle: complete the task without breaking the gate; using 1 repo file(s), then the gate decides.
  ⠿ [13:18:55] building [qwen3.6:latest] · 4.8k tok · 174s · Σ3m · idea: Working angle: complete the task without breaking the gate; using 1 repo file(s), then the gate decides.
  ○ gate verdict reused — tree unchanged since last run
  ● edits: none · verify exit 0 · 13263 tok
  ○ 1 block(s) didn't apply
  ○ gate was already green and no edit landed — not accepting as done
  — attempt 3/3 · qwen3.6:latest —
  ⠿ [13:19:03] building [qwen3.6:latest] · 4.9k tok · 2s · Σ4m · idea: Working angle: complete the task without breaking the gate; using 1 repo file(s), then the gate decides.
  ○ no edits parsed — no SEARCH/REPLACE markers found (52 tok)
     reply starts: 'I need to fix the corrupted `index.html` file which has 
duplicated/man'
  ✗ budget exhausted — checkpoint saved
  ⟲ returned to the task's clean checkpoint
  ⇑ escalating to qwen3.6:27b
  ○ gate verdict reused — tree unchanged since last run
  ○ remediation — gate green but requirement unmet, must edit
  skills: design-principles
  — attempt 1/2 · qwen3.6:27b —
  ⠿ [13:19:11] building [qwen3.6:27b] · 5.0k tok · 5s · Σ4m · idea: Working angle: complete the task without breaking the gate; using 1 repo file(s), then the gate decides.
  ⠿ [13:19:19] building [qwen3.6:27b] · 5.0k tok · 13s · Σ4m · idea: Working angle: complete the task without breaking the gate; using 1 repo file(s), then the gate decides.
  ⠿ [13:19:27] building [qwen3.6:27b] · 5.0k tok · 21s · Σ4m · idea: Working angle: complete the task without breaking the gate; using 1 repo file(s), then the gate decides.
  ⠿ [13:19:35] building [qwen3.6:27b] · 5.0k tok · 29s · Σ4m · idea: Working angle: complete the task without breaking the gate; using 1 repo file(s), then the gate decides.
  ⠿ [13:19:43] building [qwen3.6:27b] · 5.0k tok · 37s · Σ4m · idea: Working angle: complete the task without breaking the gate; using 1 repo file(s), then the gate decides.
  ⠿ [13:19:51] building [qwen3.6:27b] · 5.0k tok · 45s · Σ4m · idea: Working angle: complete the task without breaking the gate; using 1 repo file(s), then the gate decides.
  ⠿ [13:19:59] building [qwen3.6:27b] · 5.0k tok · 53s · Σ5m · idea: Working angle: complete the task without breaking the gate; using 1 repo file(s), then the gate decides.
  ⠿ [13:20:07] building [qwen3.6:27b] · 5.0k tok · 61s · Σ5m · idea: Working angle: complete the task without breaking the gate; using 1 repo file(s), then the gate decides.
  ⠿ [13:20:15] building [qwen3.6:27b] · 5.0k tok · 69s · Σ5m · idea: Working angle: complete the task without breaking the gate; using 1 repo file(s), then the gate decides.
  ⠿ [13:20:23] building [qwen3.6:27b] · 5.0k tok · 77s · Σ5m · idea: Working angle: complete the task without breaking the gate; using 1 repo file(s), then the gate decides.
  ⠿ [13:20:31] building [qwen3.6:27b] · 5.0k tok · 85s · Σ5m · idea: Working angle: complete the task without breaking the gate; using 1 repo file(s), then the gate decides.
  ⠿ [13:20:39] building [qwen3.6:27b] · 5.0k tok · 93s · Σ5m · idea: Working angle: complete the task without breaking the gate; using 1 repo file(s), then the gate decides.
  ⠿ [13:20:47] building [qwen3.6:27b] · 5.0k tok · 101s · Σ5m · idea: Working angle: complete the task without breaking the gate; using 1 repo file(s), then the gate decides.
  ⠿ [13:20:55] building [qwen3.6:27b] · 5.0k tok · 109s · Σ5m · idea: Working angle: complete the task without breaking the gate; using 1 repo file(s), then the gate decides.
  ⠿ [13:21:03] building [qwen3.6:27b] · 5.0k tok · 117s · Σ6m · idea: Working angle: complete the task without breaking the gate; using 1 repo file(s), then the gate decides.
  ⠿ [13:21:11] building [qwen3.6:27b] · 5.0k tok · 125s · Σ6m · idea: Working angle: complete the task without breaking the gate; using 1 repo file(s), then the gate decides.
  ○ no edits parsed — no SEARCH/REPLACE markers found (52 tok)
     reply starts: "I need to examine the current state of all files to 
understand what's "
  — attempt 2/2 · qwen3.6:27b —
  ⠿ [13:21:19] building [qwen3.6:27b] · 5.0k tok · 2s · Σ6m · idea: Working angle: complete the task without breaking the gate; using 1 repo file(s), then the gate decides.
  ⠿ [13:21:27] building [qwen3.6:27b] · 5.0k tok · 10s · Σ6m · idea: Working angle: complete the task without breaking the gate; using 1 repo file(s), then the gate decides.
  ○ no edits parsed — no SEARCH/REPLACE markers found (29 tok)
     reply starts: "I need to examine the current state of the files to 
understand what's "
  ✗ budget exhausted — checkpoint saved
  ⟲ returned to the task's clean checkpoint
▶ V.2 finish deliverable tests
  ○ gate verdict reused — tree unchanged since last run
  ○ remediation — gate green but requirement unmet, must edit
  skills: design-principles
  — attempt 1/3 · qwen3.6:latest —
  ⠿ [13:21:36] building [qwen3.6:latest] · 5.1k tok · 1s · Σ6m · idea: Working angle: complete the task without breaking the gate; using 8 repo file(s), then the gate decides.
  ⠿ [13:21:44] building [qwen3.6:latest] · 5.1k tok · 9s · Σ6m · idea: Working angle: complete the task without breaking the gate; using 8 repo file(s), then the gate decides.
  ⠿ [13:21:52] building [qwen3.6:latest] · 5.1k tok · 17s · Σ6m · idea: Working angle: complete the task without breaking the gate; using 8 repo file(s), then the gate decides.
  ⠿ [13:22:00] building [qwen3.6:latest] · 5.1k tok · 25s · Σ7m · idea: Working angle: complete the task without breaking the gate; using 8 repo file(s), then the gate decides.
  ⠿ [13:22:08] building [qwen3.6:latest] · 5.1k tok · 33s · Σ7m · idea: Working angle: complete the task without breaking the gate; using 8 repo file(s), then the gate decides.
  ⠿ [13:22:16] building [qwen3.6:latest] · 5.1k tok · 41s · Σ7m · idea: Working angle: complete the task without breaking the gate; using 8 repo file(s), then the gate decides.
  ⠿ [13:22:24] building [qwen3.6:latest] · 5.1k tok · 49s · Σ7m · idea: Working angle: complete the task without breaking the gate; using 8 repo file(s), then the gate decides.
  ⠿ [13:22:32] building [qwen3.6:latest] · 5.2k tok · 57s · Σ7m · idea: Working angle: complete the task without breaking the gate; using 8 repo file(s), then the gate decides.
  ⠿ [13:22:40] verifying [gate] · 5.4k tok · 0s · Σ7m · idea: Working angle: complete the task without breaking the gate; using 8 repo file(s), then the gate decides.
  ● edits: script.js(exact) · verify exit 0 · 13346 tok
  ✔ committed f50096d
▶ V.3 make the acceptance check for R30 pass
  skills: design-principles, dependency-medic
  — attempt 1/3 · qwen3.6:latest —
  ⠿ [13:22:48] building [qwen3.6:latest] · 5.4k tok · 7s · Σ7m · idea: Working angle: clear `npm error code ENOENT`; using 9 repo file(s), then the gate decides.
  ⠿ [13:22:56] building [qwen3.6:latest] · 5.4k tok · 15s · Σ7m · idea: Working angle: clear `npm error code ENOENT`; using 9 repo file(s), then the gate decides.
  ⠿ [13:23:04] building [qwen3.6:latest] · 5.4k tok · 23s · Σ8m · idea: Working angle: clear `npm error code ENOENT`; using 9 repo file(s), then the gate decides.
  ⠿ [13:23:12] building [qwen3.6:latest] · 5.4k tok · 31s · Σ8m · idea: Working angle: clear `npm error code ENOENT`; using 9 repo file(s), then the gate decides.
  ⠿ [13:23:20] building [qwen3.6:latest] · 5.4k tok · 39s · Σ8m · idea: Working angle: clear `npm error code ENOENT`; using 9 repo file(s), then the gate decides.
  ⠿ [13:23:28] building [qwen3.6:latest] · 5.4k tok · 47s · Σ8m · idea: Working angle: clear `npm error code ENOENT`; using 9 repo file(s), then the gate decides.
  ↓ dependencies synchronized · .:node dependencies synchronized
  ● edits: package.json(created) · verify exit 1 · 13534 tok
     gate says: Error: Cannot find module 'test_runner.mjs'
  — attempt 2/3 · qwen3.6:latest —
  ⠿ [13:23:36] building [qwen3.6:latest] · 5.4k tok · 4s · Σ8m · idea: Working angle: clear `Error: Cannot find module 'test_runner.mjs'`; using 10 repo file(s), then the gate decides.
  ⠿ [13:23:44] building [qwen3.6:latest] · 5.7k tok · 12s · Σ8m · idea: Working angle: clear `Error: Cannot find module 'test_runner.mjs'`; using 10 repo file(s), then the gate decides.
  ⠿ [13:23:52] building [qwen3.6:latest] · 6.0k tok · 20s · Σ8m · idea: Working angle: clear `Error: Cannot find module 'test_runner.mjs'`; using 10 repo file(s), then the gate decides.
  ⠿ [13:24:00] building [qwen3.6:latest] · 6.2k tok · 28s · Σ9m · idea: Working angle: clear `Error: Cannot find module 'test_runner.mjs'`; using 10 repo file(s), then the gate decides.
  ⠿ [13:24:08] building [qwen3.6:latest] · 6.5k tok · 36s · Σ9m · idea: Working angle: clear `Error: Cannot find module 'test_runner.mjs'`; using 10 repo file(s), then the gate decides.
  ⠿ [13:24:16] building [qwen3.6:latest] · 6.7k tok · 44s · Σ9m · idea: Working angle: clear `Error: Cannot find module 'test_runner.mjs'`; using 10 repo file(s), then the gate decides.
  ○ gate verdict reused — tree unchanged since last run
  ● edits: none · verify exit 1 · 14978 tok
  ○ 1 block(s) didn't apply
     gate says: Error: Cannot find module 'test_runner.mjs'
  ⌕ web research — repeated failure: package.json Error Cannot find module 
test_runner.mjs  official docs example fix
  — attempt 3/3 · qwen3.6:latest —
  ⠿ [13:24:24] building [qwen3.6:latest] · 6.7k tok · 7s · Σ9m · idea: Working angle: clear `Error: Cannot find module 'test_runner.mjs'`; using 10 repo file(s), then the gate decides.
  ○ gate verdict reused — tree unchanged since last run
  ● edits: none · verify exit 1 · 13974 tok
  ○ 1 block(s) didn't apply
     gate says: Error: Cannot find module 'test_runner.mjs'
  ⚄ diversity round — 3 candidates, the gate judges
  ○ candidate 1 (t=0.7): no edits applied
  ⠿ [13:24:32] verifying [gate] · 6.8k tok · 1s · Σ9m · idea: Gate is still red on `Error: Cannot find module 'test_runner.mjs'`; next attempt will target that signature.
  ↓ dependencies synchronized · .:node dependencies synchronized
  ● candidate 2 (t=1.0): package.json(elastic) · exit 1 · 1 sig(s)
  ○ candidate 3 (t=1.3): no edits applied
  ✗ budget exhausted — checkpoint saved
  ⟲ failed work archived and reverted 
.spiral/recovery/20260727-132434-make-the-acceptance-check-for-r30-pass-requirem
e
  ⇑ escalating to qwen3.6:27b
  skills: design-principles, dependency-medic
  — attempt 1/2 · qwen3.6:27b —
  ⠿ [13:24:40] building [qwen3.6:27b] · 6.8k tok · 5s · Σ9m · idea: Working angle: clear `npm error code ENOENT`; using 9 repo file(s), then the gate decides.
  ⠿ [13:24:48] building [qwen3.6:27b] · 6.8k tok · 13s · Σ9m · idea: Working angle: clear `npm error code ENOENT`; using 9 repo file(s), then the gate decides.
  ⠿ [13:24:56] building [qwen3.6:27b] · 6.8k tok · 21s · Σ9m · idea: Working angle: clear `npm error code ENOENT`; using 9 repo file(s), then the gate decides.
  ⠿ [13:25:04] building [qwen3.6:27b] · 6.8k tok · 29s · Σ10m · idea: Working angle: clear `npm error code ENOENT`; using 9 repo file(s), then the gate decides.
  ⠿ [13:25:12] building [qwen3.6:27b] · 6.8k tok · 37s · Σ10m · idea: Working angle: clear `npm error code ENOENT`; using 9 repo file(s), then the gate decides.
  ⠿ [13:25:20] building [qwen3.6:27b] · 6.8k tok · 45s · Σ10m · idea: Working angle: clear `npm error code ENOENT`; using 9 repo file(s), then the gate decides.
  ⠿ [13:25:28] building [qwen3.6:27b] · 6.8k tok · 53s · Σ10m · idea: Working angle: clear `npm error code ENOENT`; using 9 repo file(s), then the gate decides.
  ⠿ [13:25:36] building [qwen3.6:27b] · 6.8k tok · 61s · Σ10m · idea: Working angle: clear `npm error code ENOENT`; using 9 repo file(s), then the gate decides.
  ⠿ [13:25:44] building [qwen3.6:27b] · 6.8k tok · 69s · Σ10m · idea: Working angle: clear `npm error code ENOENT`; using 9 repo file(s), then the gate decides.
  ⠿ [13:25:52] building [qwen3.6:27b] · 6.8k tok · 77s · Σ10m · idea: Working angle: clear `npm error code ENOENT`; using 9 repo file(s), then the gate decides.
  ⠿ [13:26:00] building [qwen3.6:27b] · 6.8k tok · 85s · Σ11m · idea: Working angle: clear `npm error code ENOENT`; using 9 repo file(s), then the gate decides.
  ⠿ [13:26:08] building [qwen3.6:27b] · 6.8k tok · 93s · Σ11m · idea: Working angle: clear `npm error code ENOENT`; using 9 repo file(s), then the gate decides.
  ⠿ [13:26:16] building [qwen3.6:27b] · 6.8k tok · 101s · Σ11m · idea: Working angle: clear `npm error code ENOENT`; using 9 repo file(s), then the gate decides.
  ⠿ [13:26:24] building [qwen3.6:27b] · 6.8k tok · 109s · Σ11m · idea: Working angle: clear `npm error code ENOENT`; using 9 repo file(s), then the gate decides.
  ⠿ [13:26:32] building [qwen3.6:27b] · 6.8k tok · 117s · Σ11m · idea: Working angle: clear `npm error code ENOENT`; using 9 repo file(s), then the gate decides.
  ⠿ [13:26:40] building [qwen3.6:27b] · 6.8k tok · 125s · Σ11m · idea: Working angle: clear `npm error code ENOENT`; using 9 repo file(s), then the gate decides.
  ⠿ [13:26:48] building [qwen3.6:27b] · 6.8k tok · 133s · Σ11m · idea: Working angle: clear `npm error code ENOENT`; using 9 repo file(s), then the gate decides.
  ⠿ [13:26:56] building [qwen3.6:27b] · 6.8k tok · 141s · Σ11m · idea: Working angle: clear `npm error code ENOENT`; using 9 repo file(s), then the gate decides.
  ⠿ [13:27:04] building [qwen3.6:27b] · 6.8k tok · 149s · Σ12m · idea: Working angle: clear `npm error code ENOENT`; using 9 repo file(s), then the gate decides.
  ⠿ [13:27:12] building [qwen3.6:27b] · 6.8k tok · 157s · Σ12m · idea: Working angle: clear `npm error code ENOENT`; using 9 repo file(s), then the gate decides.
  ⠿ [13:27:20] building [qwen3.6:27b] · 6.8k tok · 165s · Σ12m · idea: Working angle: clear `npm error code ENOENT`; using 9 repo file(s), then the gate decides.
  ⠿ [13:27:28] building [qwen3.6:27b] · 6.8k tok · 173s · Σ12m · idea: Working angle: clear `npm error code ENOENT`; using 9 repo file(s), then the gate decides.
  ⠿ [13:27:36] building [qwen3.6:27b] · 6.8k tok · 181s · Σ12m · idea: Working angle: clear `npm error code ENOENT`; using 9 repo file(s), then the gate decides.
  ⠿ [13:27:44] building [qwen3.6:27b] · 6.8k tok · 189s · Σ12m · idea: Working angle: clear `npm error code ENOENT`; using 9 repo file(s), then the gate decides.
  ⠿ [13:27:52] building [qwen3.6:27b] · 6.8k tok · 197s · Σ12m · idea: Working angle: clear `npm error code ENOENT`; using 9 repo file(s), then the gate decides.
  ⠿ [13:28:00] building [qwen3.6:27b] · 6.8k tok · 206s · Σ13m · idea: Working angle: clear `npm error code ENOENT`; using 9 repo file(s), then the gate decides.
  ⠿ [13:28:08] building [qwen3.6:27b] · 6.8k tok · 214s · Σ13m · idea: Working angle: clear `npm error code ENOENT`; using 9 repo file(s), then the gate decides.
  ⠿ [13:28:16] building [qwen3.6:27b] · 6.9k tok · 222s · Σ13m · idea: Working angle: clear `npm error code ENOENT`; using 9 repo file(s), then the gate decides.
  ⠿ [13:28:24] building [qwen3.6:27b] · 6.9k tok · 230s · Σ13m · idea: Working angle: clear `npm error code ENOENT`; using 9 repo file(s), then the gate decides.
  ○ no edits parsed — no SEARCH/REPLACE markers found (141 tok)
     reply starts: "Looking at the problem: `npm test` fails because there's no 
`package.j"
  — attempt 2/2 · qwen3.6:27b —
  ⠿ [13:28:32] building [qwen3.6:27b] · 7.0k tok · 2s · Σ13m · idea: Working angle: clear `npm error code ENOENT`; using 9 repo file(s), then the gate decides.
  ⠿ [13:28:40] building [qwen3.6:27b] · 7.0k tok · 10s · Σ13m · idea: Working angle: clear `npm error code ENOENT`; using 9 repo file(s), then the gate decides.
  ○ no edits parsed — no SEARCH/REPLACE markers found (27 tok)
     reply starts: '... <path>/path/to/file.ext> <<<<<<<SEARCH existing text to 
replace =='
  ✗ budget exhausted — checkpoint saved
  ⟲ returned to the task's clean checkpoint
▶ V.4 implement R4: Performs correct arithmetic for addition, subtraction, multi
  ○ gate green but artifacts missing: script.js:13814-13900 (testBoundaryCases) 
- Test overflow handling should check for a specific maximum length rather than 
just > 10, as the display may truncate numbers differently based on font and 
screen size.
  — attempt 1/3 · qwen3.6:latest —
  ⠿ [13:28:48] building [qwen3.6:latest] · 7.0k tok · 3s · Σ13m · idea: Working angle: complete the task without breaking the gate; using 1 repo file(s), then the gate decides.
  ⠿ [13:28:56] building [qwen3.6:latest] · 7.0k tok · 11s · Σ13m · idea: Working angle: complete the task without breaking the gate; using 1 repo file(s), then the gate decides.
  ⠿ [13:29:04] building [qwen3.6:latest] · 7.0k tok · 19s · Σ14m · idea: Working angle: complete the task without breaking the gate; using 1 repo file(s), then the gate decides.
  ○ no edits parsed — no SEARCH/REPLACE markers found (48 tok)
     reply starts: 'I need to first inspect the current state of the files to 
understand w'
  — attempt 2/3 · qwen3.6:latest —
  ⠿ [13:29:12] building [qwen3.6:latest] · 7.1k tok · 4s · Σ14m · idea: Working angle: complete the task without breaking the gate; using 1 repo file(s), then the gate decides.
  ⠿ [13:29:20] building [qwen3.6:latest] · 7.4k tok · 12s · Σ14m · idea: Working angle: complete the task without breaking the gate; using 1 repo file(s), then the gate decides.
  ⠿ [13:29:28] building [qwen3.6:latest] · 7.6k tok · 20s · Σ14m · idea: Working angle: complete the task without breaking the gate; using 1 repo file(s), then the gate decides.
  ⠿ [13:29:36] building [qwen3.6:latest] · 7.8k tok · 28s · Σ14m · idea: Working angle: complete the task without breaking the gate; using 1 repo file(s), then the gate decides.
  ⠿ [13:29:44] building [qwen3.6:latest] · 8.0k tok · 36s · Σ14m · idea: Working angle: complete the task without breaking the gate; using 1 repo file(s), then the gate decides.
  ⠿ [13:29:52] building [qwen3.6:latest] · 8.3k tok · 44s · Σ14m · idea: Working angle: complete the task without breaking the gate; using 1 repo file(s), then the gate decides.
  ⠿ [13:30:00] building [qwen3.6:latest] · 8.5k tok · 52s · Σ15m · idea: Working angle: complete the task without breaking the gate; using 1 repo file(s), then the gate decides.
  ⠿ [13:30:08] building [qwen3.6:latest] · 8.6k tok · 60s · Σ15m · idea: Working angle: complete the task without breaking the gate; using 1 repo file(s), then the gate decides.
  ○ gate verdict reused — tree unchanged since last run
  ● edits: none · verify exit 0 · 5451 tok
  ○ 1 block(s) didn't apply
  ○ green but artifacts still missing: script.js:13814-13900 (testBoundaryCases)
- Test overflow handling should check for a specific maximum length rather than 
just > 10, as the display may truncate numbers differently based on font and 
screen size.
  — attempt 3/3 · qwen3.6:latest —
  ⠿ [13:30:16] building [qwen3.6:latest] · 8.6k tok · 1s · Σ15m · idea: Working angle: complete the task without breaking the gate; using 1 repo file(s), then the gate decides.
  ⠿ [13:30:24] building [qwen3.6:latest] · 8.8k tok · 9s · Σ15m · idea: Working angle: complete the task without breaking the gate; using 1 repo file(s), then the gate decides.
  ● edits: script.js(exact) · verify exit 0 · 3870 tok
  ○ green but artifacts still missing: script.js:13814-13900 (testBoundaryCases)
- Test overflow handling should check for a specific maximum length rather than 
just > 10, as the display may truncate numbers differently based on font and 
screen size.
  ✗ budget exhausted — checkpoint saved
  ⟲ failed work archived and reverted 
.spiral/recovery/20260727-133027-implement-r4-performs-correct-arithmetic-for-ad
d
  ⇑ escalating to qwen3.6:27b
  ○ gate green but artifacts missing: script.js:13814-13900 (testBoundaryCases) 
- Test overflow handling should check for a specific maximum length rather than 
just > 10, as the display may truncate numbers differently based on font and 
screen size.
  — attempt 1/2 · qwen3.6:27b —
  ⠿ [13:30:32] building [qwen3.6:27b] · 8.8k tok · 5s · Σ15m · idea: Working angle: complete the task without breaking the gate; using 1 repo file(s), then the gate decides.
  ⠿ [13:30:41] building [qwen3.6:27b] · 8.8k tok · 13s · Σ15m · idea: Working angle: complete the task without breaking the gate; using 1 repo file(s), then the gate decides.
  ⠿ [13:30:49] building [qwen3.6:27b] · 8.8k tok · 21s · Σ15m · idea: Working angle: complete the task without breaking the gate; using 1 repo file(s), then the gate decides.
  ⠿ [13:30:57] building [qwen3.6:27b] · 8.8k tok · 29s · Σ15m · idea: Working angle: complete the task without breaking the gate; using 1 repo file(s), then the gate decides.
  ⠿ [13:31:05] building [qwen3.6:27b] · 8.8k tok · 37s · Σ16m · idea: Working angle: complete the task without breaking the gate; using 1 repo file(s), then the gate decides.
  ⠿ [13:31:13] building [qwen3.6:27b] · 8.8k tok · 45s · Σ16m · idea: Working angle: complete the task without breaking the gate; using 1 repo file(s), then the gate decides.
  ⠿ [13:31:21] building [qwen3.6:27b] · 8.8k tok · 53s · Σ16m · idea: Working angle: complete the task without breaking the gate; using 1 repo file(s), then the gate decides.
  ○ no edits parsed — no SEARCH/REPLACE markers found (22 tok)
     reply starts: 'Let me first examine the current state of the files to 
understand what'
  — attempt 2/2 · qwen3.6:27b —
  ⠿ [13:31:29] building [qwen3.6:27b] · 8.8k tok · 2s · Σ16m · idea: Working angle: complete the task without breaking the gate; using 1 repo file(s), then the gate decides.
  ⠿ [13:31:37] building [qwen3.6:27b] · 8.8k tok · 10s · Σ16m · idea: Working angle: complete the task without breaking the gate; using 1 repo file(s), then the gate decides.
  ○ no edits parsed — no SEARCH/REPLACE markers found (28 tok)
     reply starts: 'I need to examine the current state of the files to 
understand what ex'
  ✗ budget exhausted — checkpoint saved
  ⟲ returned to the task's clean checkpoint
▶ V.5 implement R21: Animates or transitions result appearance on the display.
  ○ gate verdict reused — tree unchanged since last run
  ○ remediation — gate green but requirement unmet, must edit
  skills: design-principles
  — attempt 1/3 · qwen3.6:latest —
  ⠿ [13:31:45] building [qwen3.6:latest] · 8.8k tok · 3s · Σ16m · idea: Working angle: complete the task without breaking the gate; using 1 repo file(s), then the gate decides.
  ⠿ [13:31:53] building [qwen3.6:latest] · 8.8k tok · 11s · Σ16m · idea: Working angle: complete the task without breaking the gate; using 1 repo file(s), then the gate decides.
  ⠿ [13:32:01] building [qwen3.6:latest] · 8.8k tok · 19s · Σ17m · idea: Working angle: complete the task without breaking the gate; using 1 repo file(s), then the gate decides.
  ⠿ [13:32:09] building [qwen3.6:latest] · 8.8k tok · 27s · Σ17m · idea: Working angle: complete the task without breaking the gate; using 1 repo file(s), then the gate decides.
  ● edits: style.css(exact) · verify exit 0 · 6296 tok
  ✔ committed abd3697
▶ V.6 implement R25: Layout adapts to mobile viewports without clipping or 
overla
  ○ gate verdict reused — tree unchanged since last run
  ○ remediation — gate green but requirement unmet, must edit
  skills: design-principles
  — attempt 1/3 · qwen3.6:latest —
  ⠿ [13:32:17] building [qwen3.6:latest] · 9.0k tok · 3s · Σ17m · idea: Working angle: complete the task without breaking the gate; using 1 repo file(s), then the gate decides.
  ⠿ [13:32:25] building [qwen3.6:latest] · 9.0k tok · 11s · Σ17m · idea: Working angle: complete the task without breaking the gate; using 1 repo file(s), then the gate decides.
  ⌕ recovered implicit file/context request
  — attempt 1/3 · qwen3.6:latest —
  ⠿ [13:32:33] building [qwen3.6:latest] · 9.0k tok · 0s · Σ17m · idea: Working angle: complete the task without breaking the gate; using 3 repo file(s), then the gate decides.
  ⠿ [13:32:41] building [qwen3.6:latest] · 9.0k tok · 8s · Σ17m · idea: Working angle: complete the task without breaking the gate; using 3 repo file(s), then the gate decides.
  ⠿ [13:32:49] building [qwen3.6:latest] · 9.0k tok · 16s · Σ17m · idea: Working angle: complete the task without breaking the gate; using 3 repo file(s), then the gate decides.
  ⠿ [13:32:57] building [qwen3.6:latest] · 9.0k tok · 24s · Σ17m · idea: Working angle: complete the task without breaking the gate; using 3 repo file(s), then the gate decides.
  ⠿ [13:33:05] building [qwen3.6:latest] · 9.1k tok · 32s · Σ18m · idea: Working angle: complete the task without breaking the gate; using 3 repo file(s), then the gate decides.
  ⠿ [13:33:13] building [qwen3.6:latest] · 9.3k tok · 40s · Σ18m · idea: Working angle: complete the task without breaking the gate; using 3 repo file(s), then the gate decides.
  ⠿ [13:33:21] building [qwen3.6:latest] · 9.5k tok · 48s · Σ18m · idea: Working angle: complete the task without breaking the gate; using 3 repo file(s), then the gate decides.
  ⠿ [13:33:29] building [qwen3.6:latest] · 9.7k tok · 56s · Σ18m · idea: Working angle: complete the task without breaking the gate; using 3 repo file(s), then the gate decides.
  ⠿ [13:33:37] building [qwen3.6:latest] · 9.9k tok · 64s · Σ18m · idea: Working angle: complete the task without breaking the gate; using 3 repo file(s), then the gate decides.
  ⠿ [13:33:45] building [qwen3.6:latest] · 10.1k tok · 72s · Σ18m · idea: Working angle: complete the task without breaking the gate; using 3 repo file(s), then the gate decides.
  ⠿ [13:33:53] building [qwen3.6:latest] · 10.3k tok · 80s · Σ18m · idea: Working angle: complete the task without breaking the gate; using 3 repo file(s), then the gate decides.
  ⠿ [13:34:01] building [qwen3.6:latest] · 10.5k tok · 88s · Σ19m · idea: Working angle: complete the task without breaking the gate; using 3 repo file(s), then the gate decides.
  ⠿ [13:34:09] building [qwen3.6:latest] · 10.7k tok · 96s · Σ19m · idea: Working angle: complete the task without breaking the gate; using 3 repo file(s), then the gate decides.
  ⠿ [13:34:17] building [qwen3.6:latest] · 10.9k tok · 104s · Σ19m · idea: Working angle: complete the task without breaking the gate; using 3 repo file(s), then the gate decides.
  ⠿ [13:34:25] building [qwen3.6:latest] · 11.1k tok · 112s · Σ19m · idea: Working angle: complete the task without breaking the gate; using 3 repo file(s), then the gate decides.
  ⠿ [13:34:33] building [qwen3.6:latest] · 11.3k tok · 120s · Σ19m · idea: Working angle: complete the task without breaking the gate; using 3 repo file(s), then the gate decides.
  ⠿ [13:34:41] building [qwen3.6:latest] · 11.5k tok · 128s · Σ19m · idea: Working angle: complete the task without breaking the gate; using 3 repo file(s), then the gate decides.
  ⠿ [13:34:49] building [qwen3.6:latest] · 11.7k tok · 136s · Σ19m · idea: Working angle: complete the task without breaking the gate; using 3 repo file(s), then the gate decides.
  ⠿ [13:34:57] building [qwen3.6:latest] · 11.9k tok · 144s · Σ20m · idea: Working angle: complete the task without breaking the gate; using 3 repo file(s), then the gate decides.
  ⠿ [13:35:05] building [qwen3.6:latest] · 12.1k tok · 152s · Σ20m · idea: Working angle: complete the task without breaking the gate; using 3 repo file(s), then the gate decides.
  ● edits: style.css(exact) · verify exit 0 · 19121 tok
  ✔ committed 6e6ebc0
━━ validation 2 · 41 requirements · 1 by execution · gemma3:12b judges the rest 
━━
  ⠿ [13:35:21] validating R1–R4 · … · 8s
  ⠿ [13:35:29] validating R1–R4 · … · 16s
  ⠿ [13:35:37] validating R1–R4 · … · 24s
  ⠿ [13:35:45] validating R1–R4 · … · 32s
  ⠿ [13:35:53] validating R1–R4 · … · 40s
  ⠿ [13:36:01] validating R1–R4 · … · 48s
  ⠿ [13:36:09] validating R1–R4 · … · 56s
  ⠿ [13:36:17] validating R1–R4 · … · 64s
  ⠿ [13:36:25] validating R1–R4 · … · 72s
  ⠿ [13:36:33] validating R1–R4 · … · 80s
  ⠿ [13:36:41] validating R1–R4 · … · 88s
  ⠿ [13:36:49] validating R1–R4 · … · 96s
  ⠿ [13:36:57] validating R1–R4 · 0.1k tok · 104s · writing verdicts
  ⠿ [13:37:05] validating R1–R4 · 0.2k tok · 112s · writing verdicts
  ⠿ [13:37:16] validating R5–R8 · … · 8s
  ⠿ [13:37:24] validating R5–R8 · … · 16s
  ⠿ [13:37:32] validating R5–R8 · … · 24s
  ⠿ [13:37:40] validating R5–R8 · … · 32s
  ⠿ [13:37:48] validating R5–R8 · … · 40s
  ⠿ [13:37:56] validating R5–R8 · … · 48s
  ⠿ [13:38:04] validating R5–R8 · … · 56s
  ⠿ [13:38:12] validating R5–R8 · … · 64s
  ⠿ [13:38:20] validating R5–R8 · … · 72s
  ⠿ [13:38:28] validating R5–R8 · … · 80s
  ⠿ [13:38:36] validating R5–R8 · 0.0k tok · 88s · writing verdicts
  ⠿ [13:38:44] validating R5–R8 · 0.1k tok · 96s · writing verdicts
  ⠿ [13:38:58] validating R9–R12 · … · 8s
  ⠿ [13:39:06] validating R9–R12 · … · 16s
  ⠿ [13:39:14] validating R9–R12 · … · 24s
  ⠿ [13:39:22] validating R9–R12 · … · 32s
  ⠿ [13:39:30] validating R9–R12 · … · 40s
  ⠿ [13:39:38] validating R9–R12 · … · 48s
  ⠿ [13:39:46] validating R9–R12 · … · 56s
  ⠿ [13:39:54] validating R9–R12 · … · 64s
  ⠿ [13:40:02] validating R9–R12 · … · 72s
  ⠿ [13:40:10] validating R9–R12 · 0.1k tok · 80s · writing verdicts
  ⠿ [13:40:18] validating R9–R12 · 0.2k tok · 88s · writing verdicts
  ⠿ [13:40:34] validating R13–R16 · … · 8s
  ⠿ [13:40:42] validating R13–R16 · … · 16s
  ⠿ [13:40:50] validating R13–R16 · … · 24s
  ⠿ [13:40:58] validating R13–R16 · … · 32s
  ⠿ [13:41:06] validating R13–R16 · … · 40s
  ⠿ [13:41:14] validating R13–R16 · … · 48s
  ⠿ [13:41:22] validating R13–R16 · … · 56s
  ⠿ [13:41:30] validating R13–R16 · … · 64s
  ⠿ [13:41:38] validating R13–R16 · … · 72s
  ⠿ [13:41:46] validating R13–R16 · … · 80s
  ⠿ [13:41:54] validating R13–R16 · 0.1k tok · 88s · writing verdicts
  ⠿ [13:42:02] validating R13–R16 · 0.2k tok · 96s · writing verdicts
  ⠿ [13:42:10] validating R13–R16 · 0.3k tok · 104s · writing verdicts
  ⠿ [13:42:18] validating R17–R20 · … · 8s
  ⠿ [13:42:26] validating R17–R20 · … · 16s
  ⠿ [13:42:34] validating R17–R20 · … · 24s
  ⠿ [13:42:42] validating R17–R20 · … · 32s
  ⠿ [13:42:50] validating R17–R20 · … · 40s
  ⠿ [13:42:58] validating R17–R20 · … · 48s
  ⠿ [13:43:06] validating R17–R20 · … · 56s
  ⠿ [13:43:14] validating R17–R20 · … · 64s
  ⠿ [13:43:22] validating R17–R20 · … · 72s
  ⠿ [13:43:30] validating R17–R20 · 0.0k tok · 80s · writing verdicts
  ⠿ [13:43:38] validating R17–R20 · 0.1k tok · 88s · writing verdicts
  ⠿ [13:43:46] validating R17–R20 · 0.2k tok · 96s · writing verdicts
  ⠿ [13:43:54] validating R17–R20 · 0.3k tok · 104s · writing verdicts
  ⠿ [13:44:05] validating R21–R24 · … · 8s
  ⠿ [13:44:13] validating R21–R24 · … · 16s
  ⠿ [13:44:21] validating R21–R24 · … · 24s
  ⠿ [13:44:29] validating R21–R24 · … · 32s
  ⠿ [13:44:37] validating R21–R24 · … · 40s
  ⠿ [13:44:45] validating R21–R24 · … · 48s
  ⠿ [13:44:53] validating R21–R24 · … · 56s
  ⠿ [13:45:01] validating R21–R24 · … · 64s
  ⠿ [13:45:09] validating R21–R24 · … · 72s
  ⠿ [13:45:17] validating R21–R24 · … · 80s
  ⠿ [13:45:25] validating R21–R24 · 0.1k tok · 88s · writing verdicts
  ⠿ [13:45:33] validating R21–R24 · 0.2k tok · 96s · writing verdicts
  ⠿ [13:45:45] validating R25–R28 · … · 8s
  ⠿ [13:45:53] validating R25–R28 · … · 16s
  ⠿ [13:46:01] validating R25–R28 · … · 24s
  ⠿ [13:46:09] validating R25–R28 · … · 32s
  ⠿ [13:46:17] validating R25–R28 · … · 40s
  ⠿ [13:46:25] validating R25–R28 · … · 48s
  ⠿ [13:46:33] validating R25–R28 · … · 56s
  ⠿ [13:46:41] validating R25–R28 · … · 64s
  ⠿ [13:46:49] validating R25–R28 · … · 72s
  ⠿ [13:46:57] validating R25–R28 · 0.1k tok · 80s · writing verdicts
  ⠿ [13:47:12] validating R29–R35 · … · 8s
  ⠿ [13:47:20] validating R29–R35 · … · 16s
  ⠿ [13:47:28] validating R29–R35 · … · 24s
  ⠿ [13:47:36] validating R29–R35 · … · 32s
  ⠿ [13:47:44] validating R29–R35 · … · 40s
  ⠿ [13:47:52] validating R29–R35 · … · 48s
  ⠿ [13:48:00] validating R29–R35 · … · 56s
  ⠿ [13:48:08] validating R29–R35 · … · 64s
  ⠿ [13:48:16] validating R29–R35 · … · 72s
  ⠿ [13:48:24] validating R29–R35 · 0.1k tok · 80s · writing verdicts
  ⠿ [13:48:32] validating R29–R35 · 0.2k tok · 88s · writing verdicts
  ⠿ [13:48:47] validating R36–R39 · … · 8s
  ⠿ [13:48:55] validating R36–R39 · … · 16s
  ⠿ [13:49:03] validating R36–R39 · … · 24s
  ⠿ [13:49:11] validating R36–R39 · … · 32s
  ⠿ [13:49:19] validating R36–R39 · … · 40s
  ⠿ [13:49:27] validating R36–R39 · … · 48s
  ⠿ [13:49:35] validating R36–R39 · … · 56s
  ⠿ [13:49:43] validating R36–R39 · … · 64s
  ⠿ [13:49:51] validating R36–R39 · … · 72s
  ⠿ [13:49:59] validating R36–R39 · … · 80s
  ⠿ [13:50:07] validating R36–R39 · 0.1k tok · 88s · writing verdicts
  ⠿ [13:50:15] validating R36–R39 · 0.2k tok · 96s · writing verdicts
  ⠿ [13:50:23] validating R36–R39 · 0.3k tok · 104s · writing verdicts
  ⠿ [13:50:31] validating R36–R39 · 0.4k tok · 112s · writing verdicts
  ⠿ [13:50:39] validating R36–R39 · 0.5k tok · 120s · writing verdicts
  ⠿ [13:50:47] validating R36–R39 · 0.6k tok · 128s · writing verdicts
  ⠿ [13:50:55] validating R36–R39 · 0.7k tok · 136s · writing verdicts
  ⠿ [13:51:03] validating R36–R39 · 0.8k tok · 144s · writing verdicts
  ⠿ [13:51:11] validating R36–R39 · 0.9k tok · 152s · writing verdicts
  ⠿ [13:51:19] validating R36–R39 · 1.0k tok · 160s · writing verdicts
  ⠿ [13:51:27] validating R36–R39 · 1.1k tok · 168s · writing verdicts
  ⠿ [13:51:35] validating R36–R39 · 1.2k tok · 176s · writing verdicts
  ⠿ [13:51:43] validating R36–R39 · 1.3k tok · 184s · writing verdicts
  ⠿ [13:51:51] validating R36–R39 · 1.4k tok · 192s · writing verdicts
  ⠿ [13:51:59] validating R36–R39 · 1.5k tok · 200s · writing verdicts
  ⠿ [13:52:07] validating R36–R39 · 1.6k tok · 208s · writing verdicts
  ⠿ [13:52:15] validating R36–R39 · 1.7k tok · 216s · writing verdicts
  ⠿ [13:52:23] validating R36–R39 · 1.8k tok · 224s · writing verdicts
  ⠿ [13:52:32] validating R36–R39 · 1.9k tok · 232s · writing verdicts
  ⠿ [13:52:40] validating R36–R39 · 2.0k tok · 240s · writing verdicts
  ⠿ [13:52:48] validating R36–R39 · 2.1k tok · 248s · writing verdicts
  ⠿ [13:52:56] validating R36–R39 · 2.2k tok · 256s · writing verdicts
  ⠿ [13:53:04] validating R36–R39 · 2.3k tok · 264s · writing verdicts
  ⠿ [13:53:12] validating R36–R39 · 2.4k tok · 272s · writing verdicts
  ⠿ [13:53:20] validating R36–R39 · 2.5k tok · 280s · writing verdicts
  ⠿ [13:53:28] validating R36–R39 · 2.6k tok · 288s · writing verdicts
  ⠿ [13:53:36] validating R36–R39 · 2.7k tok · 296s · writing verdicts
  ⠿ [13:53:44] validating R36–R39 · 2.8k tok · 304s · writing verdicts
  ⠿ [13:53:52] validating R36–R39 · 2.9k tok · 312s · writing verdicts
  ⠿ [13:54:00] validating R36–R39 · 3.0k tok · 320s · writing verdicts
  ⠿ [13:54:08] validating R36–R39 · 3.1k tok · 328s · writing verdicts
  ⠿ [13:54:16] validating R36–R39 · 3.2k tok · 336s · writing verdicts
  ⠿ [13:54:24] validating R36–R39 · 3.3k tok · 344s · writing verdicts
  ⠿ [13:54:32] validating R36–R39 · 3.4k tok · 352s · writing verdicts
  ⠿ [13:54:40] validating R36–R39 · 3.5k tok · 360s · writing verdicts
  ⠿ [13:54:48] validating R36–R39 · 3.6k tok · 368s · writing verdicts
  ⠿ [13:54:56] validating R36–R39 · 3.7k tok · 376s · writing verdicts
  ⠿ [13:55:04] validating R36–R39 · 3.8k tok · 384s · writing verdicts
  ⠿ [13:55:12] validating R36–R39 · 3.9k tok · 392s · writing verdicts
  ⠿ [13:55:20] validating R36–R39 · 4.0k tok · 400s · writing verdicts
  ⠿ [13:55:28] validating R36–R39 · 4.1k tok · 408s · writing verdicts
  ⠿ [13:55:36] validating R36–R39 · 4.1k tok · 416s · writing verdicts
  ⠿ [13:55:44] validating R36–R39 · 4.2k tok · 424s · writing verdicts
  ⠿ [13:55:52] validating R36–R39 · 4.3k tok · 432s · writing verdicts
  ⠿ [13:56:00] validating R36–R39 · 4.4k tok · 440s · writing verdicts
  ⠿ [13:56:08] validating R36–R39 · 4.5k tok · 448s · writing verdicts
  ⠿ [13:56:16] validating R36–R39 · 4.6k tok · 456s · writing verdicts
  ⠿ [13:56:24] validating R36–R39 · 4.7k tok · 464s · writing verdicts
  ⠿ [13:56:32] validating R36–R39 · 4.8k tok · 472s · writing verdicts
  ⠿ [13:56:40] validating R36–R39 · 4.9k tok · 480s · writing verdicts
  ⠿ [13:56:48] validating R36–R39 · 5.0k tok · 488s · writing verdicts
  ⠿ [13:56:56] validating R36–R39 · 5.1k tok · 496s · writing verdicts
  ⠿ [13:57:04] validating R36–R39 · 5.1k tok · 504s · writing verdicts
  ⠿ [13:57:12] validating R36–R39 · 5.2k tok · 512s · writing verdicts
  ⠿ [13:57:20] validating R36–R39 · 5.3k tok · 520s · writing verdicts
  ⠿ [13:57:28] validating R36–R39 · 5.4k tok · 528s · writing verdicts
  ⠿ [13:57:36] validating R36–R39 · 5.5k tok · 536s · writing verdicts
  ⠿ [13:57:44] validating R36–R39 · 5.6k tok · 544s · writing verdicts
  ⠿ [13:57:52] validating R36–R39 · 5.7k tok · 552s · writing verdicts
  ⠿ [13:58:00] validating R36–R39 · 5.8k tok · 560s · writing verdicts
  ⠿ [13:58:08] validating R36–R39 · 5.9k tok · 568s · writing verdicts
  ⠿ [13:58:16] validating R36–R39 · 6.0k tok · 576s · writing verdicts
  ⠿ [13:58:24] validating R36–R39 · 6.0k tok · 584s · writing verdicts
  ⠿ [13:58:32] validating R36–R39 · 6.1k tok · 592s · writing verdicts
  ⠿ [13:58:41] validating R40–R41 · … · 8s
  ⠿ [13:58:49] validating R40–R41 · … · 16s
  ⠿ [13:58:57] validating R40–R41 · … · 24s
  ⠿ [13:59:05] validating R40–R41 · … · 32s
  ⠿ [13:59:13] validating R40–R41 · … · 40s
  ⠿ [13:59:21] validating R40–R41 · … · 48s
  ⠿ [13:59:29] validating R40–R41 · … · 56s
  ⠿ [13:59:37] validating R40–R41 · … · 64s
  ⠿ [13:59:45] validating R40–R41 · … · 72s
  ⠿ [13:59:53] validating R40–R41 · … · 80s
  ⠿ [14:00:01] validating R40–R41 · … · 88s
  ⠿ [14:00:09] validating R40–R41 · … · 96s
  ⠿ [14:00:17] validating R40–R41 · 0.1k tok · 104s · writing verdicts
  ⠿ [14:00:25] validating R40–R41 · 0.2k tok · 112s · writing verdicts
  ⠿ [14:00:33] validating R40–R41 · 0.2k tok · 120s · writing verdicts
  ⠿ [14:00:41] validating R40–R41 · 0.3k tok · 128s · writing verdicts
  ⠿ [14:00:49] validating R40–R41 · 0.4k tok · 136s · writing verdicts
  ⠿ [14:00:57] validating R40–R41 · 0.5k tok · 144s · writing verdicts
  ⠿ [14:01:05] validating R40–R41 · 0.6k tok · 152s · writing verdicts
  ⠿ [14:01:13] validating R40–R41 · 0.7k tok · 160s · writing verdicts
  ⠿ [14:01:21] validating R40–R41 · 0.8k tok · 168s · writing verdicts
  ⠿ [14:01:29] validating R40–R41 · 0.9k tok · 176s · writing verdicts
  ⠿ [14:01:37] validating R40–R41 · 1.0k tok · 184s · writing verdicts
  ⠿ [14:01:45] validating R40–R41 · 1.1k tok · 192s · writing verdicts
  ⠿ [14:01:53] validating R40–R41 · 1.2k tok · 200s · writing verdicts
  ⠿ [14:02:01] validating R40–R41 · 1.3k tok · 208s · writing verdicts
  ⠿ [14:02:09] validating R40–R41 · 1.4k tok · 216s · writing verdicts
  ⠿ [14:02:17] validating R40–R41 · 1.5k tok · 224s · writing verdicts
  ⠿ [14:02:25] validating R40–R41 · 1.6k tok · 232s · writing verdicts
  ⠿ [14:02:33] validating R40–R41 · 1.7k tok · 240s · writing verdicts
  ⠿ [14:02:41] validating R40–R41 · 1.8k tok · 248s · writing verdicts
  ⠿ [14:02:49] validating R40–R41 · 1.9k tok · 256s · writing verdicts
  ⠿ [14:02:57] validating R40–R41 · 2.0k tok · 264s · writing verdicts
  ⠿ [14:03:05] validating R40–R41 · 2.1k tok · 272s · writing verdicts
  ⠿ [14:03:13] validating R40–R41 · 2.2k tok · 280s · writing verdicts
  ⠿ [14:03:21] validating R40–R41 · 2.3k tok · 288s · writing verdicts
  ⠿ [14:03:29] validating R40–R41 · 2.4k tok · 296s · writing verdicts
  ⠿ [14:03:37] validating R40–R41 · 2.5k tok · 304s · writing verdicts
  ⠿ [14:03:45] validating R40–R41 · 2.6k tok · 312s · writing verdicts
  ⠿ [14:03:53] validating R40–R41 · 2.7k tok · 320s · writing verdicts
  ⠿ [14:04:01] validating R40–R41 · 2.8k tok · 328s · writing verdicts
  ⠿ [14:04:09] validating R40–R41 · 2.9k tok · 336s · writing verdicts
  ⠿ [14:04:17] validating R40–R41 · 3.0k tok · 344s · writing verdicts
  ⠿ [14:04:25] validating R40–R41 · 3.1k tok · 352s · writing verdicts
  ⠿ [14:04:33] validating R40–R41 · 3.2k tok · 360s · writing verdicts
  ⠿ [14:04:41] validating R40–R41 · 3.3k tok · 368s · writing verdicts
  ⠿ [14:04:49] validating R40–R41 · 3.4k tok · 376s · writing verdicts
  ⠿ [14:04:57] validating R40–R41 · 3.5k tok · 384s · writing verdicts
  ⠿ [14:05:05] validating R40–R41 · 3.6k tok · 392s · writing verdicts
  ⠿ [14:05:13] validating R40–R41 · 3.7k tok · 400s · writing verdicts
  ⠿ [14:05:21] validating R40–R41 · 3.8k tok · 408s · writing verdicts
  ⠿ [14:05:29] validating R40–R41 · 3.9k tok · 416s · writing verdicts
  ⠿ [14:05:37] validating R40–R41 · 4.0k tok · 424s · writing verdicts
  ⠿ [14:05:45] validating R40–R41 · 4.1k tok · 432s · writing verdicts
  ⠿ [14:05:53] validating R40–R41 · 4.2k tok · 440s · writing verdicts
  ⠿ [14:06:01] validating R40–R41 · 4.3k tok · 448s · writing verdicts
  ⠿ [14:06:09] validating R40–R41 · 4.4k tok · 456s · writing verdicts
  ⠿ [14:06:17] validating R40–R41 · 4.5k tok · 464s · writing verdicts
  ⠿ [14:06:25] validating R40–R41 · 4.6k tok · 472s · writing verdicts
  ⠿ [14:06:33] validating R40–R41 · 4.7k tok · 480s · writing verdicts
  ⠿ [14:06:41] validating R40–R41 · 4.8k tok · 488s · writing verdicts
  ⠿ [14:06:49] validating R40–R41 · 4.9k tok · 496s · writing verdicts
  ⠿ [14:06:57] validating R40–R41 · 5.0k tok · 504s · writing verdicts
  ⠿ [14:07:05] validating R40–R41 · 5.1k tok · 512s · writing verdicts
  ⠿ [14:07:13] validating R40–R41 · 5.2k tok · 520s · writing verdicts
  ⠿ [14:07:21] validating R40–R41 · 5.3k tok · 528s · writing verdicts
  ⠿ [14:07:29] validating R40–R41 · 5.4k tok · 536s · writing verdicts
  ⠿ [14:07:37] validating R40–R41 · 5.5k tok · 544s · writing verdicts
  ⠿ [14:07:45] validating R40–R41 · 5.6k tok · 552s · writing verdicts
  ⠿ [14:07:53] validating R40–R41 · 5.7k tok · 560s · writing verdicts
  ⠿ [14:08:01] validating R40–R41 · 5.8k tok · 568s · writing verdicts
  ⠿ [14:08:09] validating R40–R41 · 5.9k tok · 576s · writing verdicts
  ⠿ [14:08:17] validating R40–R41 · 6.0k tok · 584s · writing verdicts
  ⠿ [14:08:25] validating R40–R41 · 6.0k tok · 592s · writing verdicts
  ✓ R1 index.html, style.css, script.js
  ✓ R2 index.html, style.css, script.js
  ✓ R3 index.html, style.css, script.js
  ✓ R5 script.js (handles chained operations correctly)
  ✓ R6 script.js (handles decimal input correctly)
  ✓ R7 script.js (calculates percentages correctly)
  ✓ R8 script.js (flips the sign of the current operand or result)
  ✓ R9 script.js: Implements the `backspace()` function, which removes the last 
character from th
  ✓ R10 script.js: The history panel is implemented and initially collapsed on 
mobile.  The `addTo
  ✓ R11 script.js: The code includes logic to recall results from the history 
panel by clicking on
  ✓ R12 script.js: The code includes a `setupKeyboardSupport` function that 
handles keyboard input
  ✓ R13 style.css (lines 148-162), script.js (lines 275-280)
  ✓ R14 script.js (lines 398-407)
  ✓ R15 tokens.css (lines 3-48)
  ✓ R16 style.css (lines 28-47)
  ✓ R17 style.css: `.keypad button:focus-visible { outline: 2px solid 
var(--focus-ring); outline-o
  ✓ R18 style.css: `.keypad button:hover { background: var(--bg-surface); 
transform: translateY(-1
  ✓ R19 style.css: `.keypad button:active { transform: scale(0.95); background: 
var(--accent-hover
  ✓ R20 style.css: `.display-input { transition: color var(--motion-fast) 
var(--ease); }`, style.c
  ✓ R22 index.html: The clear button uses an SVG icon (`<svg 
class="icon-clear">`) instead of bare
  ✓ R23 index.html: The backspace button uses an SVG icon (`<svg 
class="icon-backspace">`) instead
  ✓ R24 script.js: The script correctly displays a readable empty state in the 
history panel when 
  ✓ R25 style.css, index.html
  ✓ R26 style.css, index.html
  ✓ R27 style.css
  ✓ R28 script.js, index.html
  ✓ R29 index.html (aria attributes on display and keypad), script.js 
(setupKeyboardSupport functi
  ✓ R31 index.html (direct opening in browser works without server setup)
  ◐ R4 script.js
  ◐ R21 script.js: The script includes a `resultAppear` animation keyframe, but 
it's not consisten
  ◐ R34 script.js (handleInput function, test suite), index.html (calculator 
structure)
  ◐ R35 index.html (error state handling), script.js (division by zero logic)
  ◐ R40 style.css, script.js
  ✗ R32 calculator: visual evidence is {'calculator': 'gaps'}
  ✗ R33 tests: no exact declared output file resolved; output lacks 
parser/decoder evidence
  ✗ R30 acceptance check failed (exit 254): npm error enoent This is related to 
npm not being able
  ✗ R36 test.js
  ✗ R41 (retained) validator unavailable this round; retained prior missing 
verdict: None
  ? R37 (retained) validator returned no verdict; no remediation inferred
  ? R38 (retained) validator returned no verdict; no remediation inferred
  ? R39 (retained) validator returned no verdict; no remediation inferred
  spec: 28/41 implemented · 5 partial · 5 missing · 3 unjudged · 4 retained · 
144468 tok

  remediation batch: 6 now · 3 deferred until evidence is refreshed
▶ V.1 finish deliverable calculator
  ○ gate verdict reused — tree unchanged since last run
  ○ remediation — gate green but requirement unmet, must edit
  skills: design-principles
  — attempt 1/3 · qwen3.6:latest —
  ⠿ [14:08:41] building [qwen3.6:latest] · … · 8s · Σ0m · idea: Working angle: complete the task without breaking the gate; using 1 repo file(s), then the gate decides.
  ⠿ [14:08:49] building [qwen3.6:latest] · … · 16s · Σ0m · idea: Working angle: complete the task without breaking the gate; using 1 repo file(s), then the gate decides.
  ⠿ [14:08:57] building [qwen3.6:latest] · … · 24s · Σ0m · idea: Working angle: complete the task without breaking the gate; using 1 repo file(s), then the gate decides.
  ⠿ [14:09:05] building [qwen3.6:latest] · … · 32s · Σ1m · idea: Working angle: complete the task without breaking the gate; using 1 repo file(s), then the gate decides.
  ⠿ [14:09:13] building [qwen3.6:latest] · 0.2k tok · 40s · Σ1m · idea: Working angle: complete the task without breaking the gate; using 1 repo file(s), then the gate decides.
  ⠿ [14:09:21] building [qwen3.6:latest] · 0.4k tok · 48s · Σ1m · idea: Working angle: complete the task without breaking the gate; using 1 repo file(s), then the gate decides.
  ⠿ [14:09:29] building [qwen3.6:latest] · 0.6k tok · 56s · Σ1m · idea: Working angle: complete the task without breaking the gate; using 1 repo file(s), then the gate decides.
  ⠿ [14:09:37] building [qwen3.6:latest] · 0.8k tok · 64s · Σ1m · idea: Working angle: complete the task without breaking the gate; using 1 repo file(s), then the gate decides.
  ⠿ [14:09:45] building [qwen3.6:latest] · 1.0k tok · 72s · Σ1m · idea: Working angle: complete the task without breaking the gate; using 1 repo file(s), then the gate decides.
  ⠿ [14:09:53] building [qwen3.6:latest] · 1.3k tok · 80s · Σ1m · idea: Working angle: complete the task without breaking the gate; using 1 repo file(s), then the gate decides.
  ⠿ [14:10:01] building [qwen3.6:latest] · 1.5k tok · 88s · Σ1m · idea: Working angle: complete the task without breaking the gate; using 1 repo file(s), then the gate decides.
  ⠿ [14:10:09] building [qwen3.6:latest] · 1.7k tok · 96s · Σ2m · idea: Working angle: complete the task without breaking the gate; using 1 repo file(s), then the gate decides.
  ⠿ [14:10:17] building [qwen3.6:latest] · 1.9k tok · 104s · Σ2m · idea: Working angle: complete the task without breaking the gate; using 1 repo file(s), then the gate decides.
  ⠿ [14:10:25] building [qwen3.6:latest] · 2.2k tok · 112s · Σ2m · idea: Working angle: complete the task without breaking the gate; using 1 repo file(s), then the gate decides.
  ⠿ [14:10:33] building [qwen3.6:latest] · 2.4k tok · 120s · Σ2m · idea: Working angle: complete the task without breaking the gate; using 1 repo file(s), then the gate decides.
  ⠿ [14:10:41] building [qwen3.6:latest] · 2.6k tok · 128s · Σ2m · idea: Working angle: complete the task without breaking the gate; using 1 repo file(s), then the gate decides.
  ⠿ [14:10:49] building [qwen3.6:latest] · 2.8k tok · 136s · Σ2m · idea: Working angle: complete the task without breaking the gate; using 1 repo file(s), then the gate decides.

[bench] budget of 240 min expired; scoring whatever was committed
